objectid,dfirmid,firmid,stfips,pcomm,panel,suffix,firmpan,paneltyp,effdate,scalevalue,pnpreason,nwlat,nwlong,selat,selong,sourcecit
22445,350022,1429057_100,35,0022,3,D,3500220003D,"COMMUNITY BASED, PANEL PRINTED",2006/05/16,6000,AREA IN ZONE D,032 48 45.000,-108 15 00.000,032 46 52.500,-108 13 07.500,1429057_BASE1
22446,350022,1429057_101,35,0022,2,D,3500220002D,"COMMUNITY BASED, PANEL PRINTED",2006/05/16,6000,AREA IN ZONE D,032 48 45.000,-108 16 52.500,032 46 52.500,-108 15 00.000,1429057_BASE1
22447,350022,1429057_106,35,0022,1,D,3500220001D,"COMMUNITY BASED, PANEL PRINTED",2006/05/16,6000,AREA IN ZONE D,032 48 45.000,-108 18 45.000,032 46 52.500,-108 16 52.500,1429057_BASE1
22448,350022,1429057_102,35,0022,5,D,3500220005D,"COMMUNITY BASED, PANEL PRINTED",2006/05/16,12000,AREA IN ZONE D,032 46 52.500,-108 16 52.500,032 45 00.000,-108 15 00.000,1429057_BASE1
22449,350022,1429057_103,35,0022,4,D,3500220004D,"COMMUNITY BASED, NOT PRINTED",2006/05/16,6000,NO SPECIAL FLOOD HAZARD AREAS,032 46 52.500,-108 18 45.000,032 45 00.000,-108 16 52.500,1429057_BASE1
22450,350022,1429057_104,35,0022,7,D,3500220007D,"COMMUNITY BASED, NOT PRINTED",2006/05/16,6000,NO SPECIAL FLOOD HAZARD AREAS,032 45 00.000,-108 16 52.500,032 43 07.500,-108 15 00.000,1429057_BASE1
22451,350022,1429057_105,35,0022,6,D,3500220006D,"COMMUNITY BASED, NOT PRINTED",2006/05/16,6000,NO SPECIAL FLOOD HAZARD AREAS,032 45 00.000,-108 18 45.000,032 43 07.500,-108 16 52.500,1429057_BASE1
40936,35049C,1526115_20,35,049C,725,D,35049C0725D,"COUNTYWIDE, PANEL PRINTED",2008/06/17,24000,AREA IN ZONE D,35 30 00.000,-105 45 00.000,35 22 30.000,-105 37 30.000,1526115_BASE2
40937,35049C,1526115_21,35,049C,750,D,35049C0750D,"COUNTYWIDE, PANEL PRINTED",2008/06/17,24000,AREA IN ZONE D,35 22 30.000,-106 15 00.000,35 07 30.000,-106 07 30.000,1526115_BASE2
40938,35049C,1526115_22,35,049C,775,D,35049C0775D,"COUNTYWIDE, PANEL PRINTED",2008/06/17,24000,AREA IN ZONE D,35 22 30.000,-106 07 30.000,35 15 00.000,-106 00 00.000,1526115_BASE2
40939,35049C,1526115_23,35,049C,800,D,35049C0800D,"COUNTYWIDE, PANEL PRINTED",2008/06/17,24000,AREA IN ZONE D,35 22 30.000,-106 00 00.000,35 15 00.000,-105 52 30.000,1526115_BASE2
40953,35049C,1526115_24,35,049C,825,D,35049C0825D,"COUNTYWIDE, PANEL PRINTED",2008/06/17,24000,AREA IN ZONE D,35 22 30.000,-105 52 30.000,35 15 00.000,-105 45 00.000,1526115_BASE2
40954,35049C,1526115_25,35,049C,850,D,35049C0850D,"COUNTYWIDE, NOT PRINTED",2008/06/17,24000,NO SPECIAL FLOOD HAZARD AREAS,35 22 30.000,-105 45 00.000,35 15 00.000,-105 37 30.000,1526115_BASE2
40955,35049C,1526115_26,35,049C,875,D,35049C0875D,"COUNTYWIDE, PANEL PRINTED",2008/06/17,24000,AREA IN ZONE D,35 15 00.000,-106 15 00.000,35 07 30.000,-106 07 30.000,1526115_BASE2
40956,35049C,1526115_27,35,049C,900,D,35049C0900D,"COUNTYWIDE, PANEL PRINTED",2008/06/17,24000,AREA IN ZONE D,35 15 00.000,-106 07 30.000,35 07 30.000,-106 00 00.000,1526115_BASE2
40957,35049C,1526115_28,35,049C,925,D,35049C0925D,"COUNTYWIDE, PANEL PRINTED",2008/06/17,24000,AREA IN ZONE D,35 15 00.000,-106 00 00.000,35 07 30.000,-105 52 30.000,1526115_BASE2
40958,35049C,1526115_29,35,049C,950,D,35049C0950D,"COUNTYWIDE, PANEL PRINTED",2008/06/17,24000,AREA IN ZONE D,35 15 00.000,-105 52 30.000,35 07 30.000,-105 45 00.000,1526115_BASE2
40959,35049C,1526115_30,35,049C,975,D,35049C0975D,"COUNTYWIDE, PANEL PRINTED",2008/06/17,24000,AREA IN ZONE D,35 15 00.000,-105 45 00.000,35 07 30.000,-105 37 30.000,1526115_BASE2
40960,35049C,1526115_31,35,049C,1000,D,35049C1000D,"COUNTYWIDE, PANEL PRINTED",2008/06/17,24000,AREA IN ZONE D,35 07 30.000,-106 15 00.000,35 00 00.000,-106 07 30.000,1526115_BASE2
40961,35049C,1526115_32,35,049C,1025,D,35049C1025D,"COUNTYWIDE, PANEL PRINTED",2008/06/17,24000,AREA IN ZONE D,35 07 30.000,-106 07 30.000,35 00 00.000,-106 00 00.000,1526115_BASE2
40962,35049C,1526115_33,35,049C,1050,D,35049C1050D,"COUNTYWIDE, PANEL PRINTED",2008/06/17,24000,AREA IN ZONE D,35 07 30.000,-106 00 00.000,35 00 00.000,-105 52 30.000,1526115_BASE2
40963,35049C,1526115_34,35,049C,160,D,35049C0160D,"COUNTYWIDE, PANEL PRINTED",2008/06/17,12000,AREA IN ZONE D,36 00 00.000,-105 56 15.000,35 56 15.000,-105 52 30.000,1526115_BASE2
40964,35049C,1526115_35,35,049C,525,D,35049C0525D,"COUNTYWIDE, PANEL PRINTED",2008/06/17,24000,AREA IN ZONE D,35 37 30.000,-106 07 30.000,35 30 00.000,-106 00 00.000,1526115_BASE2
40965,35049C,1526115_36,35,049C,175,D,35049C0175D,"COUNTYWIDE, PANEL PRINTED",2008/06/17,24000,AREA IN ZONE D,36 00 00.000,-106 00 00.000,35 52 30.000,-105 52 30.000,1526115_BASE2
40966,35049C,1526115_37,35,049C,50,D,35049C0050D,"COUNTYWIDE, PANEL PRINTED",2008/06/17,24000,AREA IN ZONE D,36 07 30.000,-106 00 00.000,36 00 00.000,-105 52 30.000,1526115_BASE2
40967,35049C,1526115_38,35,049C,405,D,35049C0405D,"COUNTYWIDE, PANEL PRINTED",2008/06/17,12000,AREA IN ZONE D,35 45 00.000,-106 00 00.000,35 45 00.000,-106 00 00.000,1526115_BASE2
40968,35049C,1526115_39,35,049C,1075,D,35049C1075D,"COUNTYWIDE, PANEL PRINTED",2008/06/17,24000,AREA IN ZONE D,35 07 30.000,-105 52 30.000,35 00 00.000,-105 45 00.000,1526115_BASE2
40969,35049C,1526115_40,35,049C,1100,D,35049C1100D,"COUNTYWIDE, PANEL PRINTED",2008/06/17,24000,AREA IN ZONE D,35 07 30.000,-105 45 00.000,35 00 00.000,-105 37 30.000,1526115_BASE2
40970,35049C,1526115_41,35,049C,40,D,35049C0040D,"COUNTYWIDE, PANEL PRINTED",2008/06/17,12000,AREA IN ZONE D,36 03 45.000,-106 00 00.000,36 00 00.000,-105 56 15.000,1526115_BASE2
40971,35049C,1526115_42,35,049C,135,D,35049C0135D,"COUNTYWIDE, PANEL PRINTED",2008/06/17,12000,AREA IN ZONE D,36 00 00.000,-106 03 45.000,35 56 15.000,-106 00 00.000,1526115_BASE2
40972,35049C,1526115_43,35,049C,155,D,35049C0155D,"COUNTYWIDE, PANEL PRINTED",2008/06/17,12000,AREA IN ZONE D,36 00 00.000,-106 00 00.000,35 56 15.000,-105 56 15.000,1526115_BASE2
40973,35049C,1526115_44,35,049C,392,D,35049C0392D,"COUNTYWIDE, PANEL PRINTED",2008/06/17,6000,AREA IN ZONE D,35 41 15.000,-106 01 52.500,35 39 22.500,-106 00 00.000,1526115_BASE2
40974,35049C,1526115_45,35,049C,394,D,35049C0394D,"COUNTYWIDE, PANEL PRINTED",2008/06/17,6000,AREA IN ZONE D,35 39 22.500,-106 01 52.500,35 37 30.000,-106 00 00.000,1526115_BASE2
40975,35049C,1526115_46,35,049C,391,D,35049C0391D,"COUNTYWIDE, PANEL PRINTED",2008/06/17,6000,AREA IN ZONE D,35 41 15.000,-106 03 45.000,35 39 22.500,-106 01 52.500,1526115_BASE2
40782,35049C,1526115_6,35,049C,275,D,35049C0275D,"COUNTYWIDE, PANEL PRINTED",2008/06/17,24000,AREA IN ZONE D,35 52 30.000,-106 07 30.000,35 45 00.000,-106 00 00.000,1526115_BASE2
40783,35049C,1526115_7,35,049C,300,D,35049C0300D,"COUNTYWIDE, PANEL PRINTED",2008/06/17,24000,AREA IN ZONE D,35 52 30.000,-106 00 00.000,35 45 00.000,-105 52 30.000,1526115_BASE2
40784,35049C,1526115_8,35,049C,325,D,35049C0325D,"COUNTYWIDE, NOT PRINTED",2008/06/17,24000,NO SPECIAL FLOOD HAZARD AREAS,35 52 30.000,-105 52 30.000,35 45 00.000,-105 45 00.000,1526115_BASE2
40785,35049C,1526115_9,35,049C,350,D,35049C0350D,"COUNTYWIDE, NOT PRINTED",2008/06/17,24000,NO SPECIAL FLOOD HAZARD AREAS,35 52 30.000,-105 45 00.000,35 52 30.000,-105 45 00.000,1526115_BASE2
40786,35049C,1526115_10,35,049C,375,D,35049C0375D,"COUNTYWIDE, PANEL PRINTED",2008/06/17,24000,AREA IN ZONE D,35 45 00.000,-106 15 00.000,35 37 30.000,-106 07 30.000,1526115_BASE2
40787,35049C,1526115_11,35,049C,450,D,35049C0450D,"COUNTYWIDE, PANEL PRINTED",2008/06/17,24000,AREA IN ZONE D,35 45 00.000,-105 52 30.000,35 37 30.000,-105 45 00.000,1526115_BASE2
40788,35049C,1526115_12,35,049C,475,D,35049C0475D,"COUNTYWIDE, NOT PRINTED",2008/06/17,24000,NO SPECIAL FLOOD HAZARD AREAS,35 45 00.000,-105 45 00.000,35 45 00.000,-105 45 00.000,1526115_BASE2
40789,35049C,1526115_13,35,049C,500,D,35049C0500D,"COUNTYWIDE, PANEL PRINTED",2008/06/17,24000,AREA IN ZONE D,35 37 30.000,-106 15 00.000,35 30 00.000,-106 07 30.000,1526115_BASE2
40790,35049C,1526115_14,35,049C,575,D,35049C0575D,"COUNTYWIDE, PANEL PRINTED",2008/06/17,24000,AREA IN ZONE D,35 37 30.000,-105 52 30.000,35 30 00.000,-105 45 00.000,1526115_BASE2
41043,35049C,1526115_56,35,049C,130,D,35049C0130D,"COUNTYWIDE, PANEL PRINTED",2008/06/17,12000,AREA IN ZONE D,36 00 00.000,-106 07 30.000,35 56 15.000,-106 03 45.000,1526115_BASE2
41044,35049C,1526115_57,35,049C,150,D,35049C0150D,"COUNTYWIDE, PANEL PRINTED",2008/06/17,24000,AREA IN ZONE D,36 00 00.000,-106 07 30.000,35 52 30.000,-106 00 00.000,1526115_BASE2
41045,35049C,1526115_58,35,049C,408,D,35049C0408D,"COUNTYWIDE, PANEL PRINTED",2008/06/17,6000,AREA IN ZONE D,35 43 07.500,-105 56 15.000,35 41 15.000,-105 54 22.500,1526115_BASE2
41046,35049C,1526115_59,35,049C,404,D,35049C0404D,"COUNTYWIDE, PANEL PRINTED",2008/06/17,6000,AREA IN ZONE D,35 43 07.500,-105 58 07.500,35 41 15.000,-105 56 15.000,1526115_BASE2
41047,35049C,1526115_60,35,049C,403,D,35049C0403D,"COUNTYWIDE, PANEL PRINTED",2008/06/17,6000,AREA IN ZONE D,35 43 07.500,-106 00 00.000,35 41 15.000,-105 58 07.500,1526115_BASE2
41048,35049C,1526115_61,35,049C,414,D,35049C0414D,"COUNTYWIDE, PANEL PRINTED",2008/06/17,6000,AREA IN ZONE D,35 39 22.500,-105 58 07.500,35 37 30.000,-105 56 15.000,1526115_BASE2
41049,35049C,1526115_62,35,049C,411,D,35049C0411D,"COUNTYWIDE, PANEL PRINTED",2008/06/17,6000,AREA IN ZONE D,35 41 15.000,-106 00 00.000,35 39 22.500,-105 58 07.500,1526115_BASE2
41050,35049C,1526115_63,35,049C,413,D,35049C0413D,"COUNTYWIDE, PANEL PRINTED",2008/06/17,6000,AREA IN ZONE D,35 39 22.500,-106 00 00.000,35 37 30.000,-105 58 07.500,1526115_BASE2
41051,35049C,1526115_64,35,049C,419,D,35049C0419D,"COUNTYWIDE, NOT PRINTED",2008/06/17,6000,NO SPECIAL FLOOD HAZARD AREAS,35 39 22.500,-105 54 22.500,35 37 30.000,-105 52 30.000,1526115_BASE2
41052,35049C,1526115_65,35,049C,416,D,35049C0416D,"COUNTYWIDE, PANEL PRINTED",2008/06/17,6000,AREA IN ZONE D,35 41 15.000,-105 56 15.000,35 39 22.500,-105 54 22.500,1526115_BASE2
41053,35049C,1526115_66,35,049C,418,D,35049C0418D,"COUNTYWIDE, PANEL PRINTED",2008/06/17,6000,AREA IN ZONE D,35 39 22.500,-105 56 15.000,35 37 30.000,-105 54 22.500,1526115_BASE2
41054,35049C,1526115_67,35,049C,507,D,35049C0507D,"COUNTYWIDE, PANEL PRINTED",2008/06/17,6000,AREA IN ZONE D,35 37 30.000,-106 01 52.500,35 35 37.500,-106 00 00.000,1526115_BASE2
41055,35049C,1526115_68,35,049C,509,D,35049C0509D,"COUNTYWIDE, PANEL PRINTED",2008/06/17,6000,AREA IN ZONE D,35 35 37.500,-106 01 52.500,35 33 45.000,-106 00 00.000,1526115_BASE2
41056,35049C,1526115_69,35,049C,506,D,35049C0506D,"COUNTYWIDE, PANEL PRINTED",2008/06/17,6000,AREA IN ZONE D,35 37 30.000,-106 03 45.000,35 35 37.500,-106 01 52.500,1526115_BASE2
41057,35049C,1526115_15,35,049C,600,D,35049C0600D,"COUNTYWIDE, PANEL PRINTED",2008/06/17,24000,AREA IN ZONE D,35 37 30.000,-105 45 00.000,35 30 00.000,-105 37 30.000,1526115_BASE2
41058,35049C,1526115_16,35,049C,625,D,35049C0625D,"COUNTYWIDE, PANEL PRINTED",2008/06/17,24000,AREA IN ZONE D,35 30 00.000,-106 15 00.000,35 22 30.000,-106 07 30.000,1526115_BASE2
41059,35049C,1526115_17,35,049C,650,D,35049C0650D,"COUNTYWIDE, PANEL PRINTED",2008/06/17,24000,AREA IN ZONE D,35 30 00.000,-106 07 30.000,35 22 30.000,-106 00 00.000,1526115_BASE2
40976,35049C,1526115_47,35,049C,393,D,35049C0393D,"COUNTYWIDE, PANEL PRINTED",2008/06/17,6000,AREA IN ZONE D,35 39 22.500,-106 03 45.000,35 37 30.000,-106 01 52.500,1526115_BASE2
40977,35049C,1526115_48,35,049C,409,D,35049C0409D,"COUNTYWIDE, PANEL PRINTED",2008/06/17,6000,AREA IN ZONE D,35 43 07.500,-105 54 22.500,35 41 15.000,-105 52 30.000,1526115_BASE2
40978,35049C,1526115_49,35,049C,412,D,35049C0412D,"COUNTYWIDE, PANEL PRINTED",2008/06/17,6000,AREA IN ZONE D,35 41 15.000,-105 58 07.500,35 39 22.500,-105 56 15.000,1526115_BASE2
40979,35049C,1526115_50,35,049C,417,D,35049C0417D,"COUNTYWIDE, PANEL PRINTED",2008/06/17,6000,AREA IN ZONE D,35 41 15.000,-105 54 22.500,35 39 22.500,-105 52 30.000,1526115_BASE2
40980,35049C,1526115_51,35,049C,550,D,35049C0550D,"COUNTYWIDE, PANEL PRINTED",2008/06/17,24000,AREA IN ZONE D,35 37 30.000,-106 00 00.000,35 30 00.000,-105 52 30.000,1526115_BASE2
40981,35049C,1526115_52,35,049C,400,D,35049C0400D,"COUNTYWIDE, PANEL PRINTED",2008/06/17,24000,AREA IN ZONE D,35 45 00.000,-106 07 30.000,35 45 00.000,-106 07 30.000,1526115_BASE2
40982,35049C,1526115_53,35,049C,410,D,35049C0410D,"COUNTYWIDE, PANEL PRINTED",2008/06/17,12000,AREA IN ZONE D,35 45 00.000,-105 56 15.000,35 45 00.000,-105 56 15.000,1526115_BASE2
40983,35049C,1526115_54,35,049C,20,D,35049C0020D,"COUNTYWIDE, PANEL PRINTED",2008/06/17,12000,AREA IN ZONE D,36 03 45.000,-106 03 45.000,36 00 00.000,-106 00 00.000,1526115_BASE2
40984,35049C,1526115_55,35,049C,15,D,35049C0015D,"COUNTYWIDE, PANEL PRINTED",2008/06/17,12000,AREA IN ZONE D,36 03 45.000,-106 07 30.000,36 00 00.000,-106 03 45.000,1526115_BASE2
40776,35049C,1526115_0,35,049C,75,D,35049C0075D,"COUNTYWIDE, NOT PRINTED",2008/06/17,24000,NO SPECIAL FLOOD HAZARD AREAS,36 07 30.000,-105 52 30.000,36 00 00.000,-105 45 00.000,1526115_BASE2
40777,35049C,1526115_1,35,049C,100,D,35049C0100D,"COUNTYWIDE, NOT PRINTED",2008/06/17,24000,NO SPECIAL FLOOD HAZARD AREAS,36 07 30.000,-105 45 00.000,36 00 00.000,-105 37 30.000,1526115_BASE2
40778,35049C,1526115_2,35,049C,125,D,35049C0125D,"COUNTYWIDE, PANEL PRINTED",2008/06/17,24000,AREA IN ZONE D,36 00 00.000,-106 15 00.000,35 52 30.000,-106 07 30.000,1526115_BASE2
40779,35049C,1526115_3,35,049C,200,D,35049C0200D,"COUNTYWIDE, NOT PRINTED",2008/06/17,24000,NO SPECIAL FLOOD HAZARD AREAS,36 00 00.000,-105 52 30.000,35 52 30.000,-105 45 00.000,1526115_BASE2
40780,35049C,1526115_4,35,049C,225,D,35049C0225D,"COUNTYWIDE, NOT PRINTED",2008/06/17,24000,NO SPECIAL FLOOD HAZARD AREAS,36 00 00.000,-105 45 00.000,36 00 00.000,-105 45 00.000,1526115_BASE2
40781,35049C,1526115_5,35,049C,250,D,35049C0250D,"COUNTYWIDE, PANEL PRINTED",2008/06/17,24000,AREA IN ZONE D,35 52 30.000,-106 15 00.000,35 45 00.000,-106 07 30.000,1526115_BASE2
41060,35049C,1526115_18,35,049C,675,D,35049C0675D,"COUNTYWIDE, PANEL PRINTED",2008/06/17,24000,AREA IN ZONE D,35 30 00.000,-106 00 00.000,35 22 30.000,-105 52 30.000,1526115_BASE2
41061,35049C,1526115_19,35,049C,700,D,35049C0700D,"COUNTYWIDE, PANEL PRINTED",2008/06/17,24000,AREA IN ZONE D,35 30 00.000,-105 52 30.000,35 22 30.000,-105 45 00.000,1526115_BASE2
41062,35049C,1526115_71,35,049C,502,D,35049C0502D,"COUNTYWIDE, PANEL PRINTED",2008/06/17,6000,AREA IN ZONE D,35 37 30.000,-106 05 37.500,35 35 37.500,-106 03 45.000,1526115_BASE2
41063,35049C,1526115_72,35,049C,504,D,35049C0504D,"COUNTYWIDE, PANEL PRINTED",2008/06/17,6000,AREA IN ZONE D,35 35 37.500,-106 05 37.500,35 33 45.000,-106 03 45.000,1526115_BASE2
41064,35049C,1526115_73,35,049C,501,D,35049C0501D,"COUNTYWIDE, PANEL PRINTED",2008/06/17,6000,AREA IN ZONE D,35 37 30.000,-106 07 30.000,35 35 37.500,-106 05 37.500,1526115_BASE2
41065,35049C,1526115_74,35,049C,503,D,35049C0503D,"COUNTYWIDE, PANEL PRINTED",2008/06/17,6000,AREA IN ZONE D,35 35 37.500,-106 07 30.000,35 33 45.000,-106 05 37.500,1526115_BASE2
41066,35049C,1526115_75,35,049C,527,D,35049C0527D,"COUNTYWIDE, PANEL PRINTED",2008/06/17,6000,AREA IN ZONE D,35 37 30.000,-105 58 07.500,35 35 37.500,-105 56 15.000,1526115_BASE2
41067,35049C,1526115_76,35,049C,526,D,35049C0526D,"COUNTYWIDE, PANEL PRINTED",2008/06/17,6000,AREA IN ZONE D,35 37 30.000,-106 00 00.000,35 35 37.500,-105 58 07.500,1526115_BASE2
41068,35049C,1526115_77,35,049C,389,D,35049C0389D,"COUNTYWIDE, PANEL PRINTED",2008/06/17,6000,AREA IN ZONE D,35 39 22.500,-106 05 37.500,35 37 30.000,-106 03 45.000,1526115_BASE2
41069,35049C,1526115_78,35,049C,388,D,35049C0388D,"COUNTYWIDE, PANEL PRINTED",2008/06/17,6000,AREA IN ZONE D,35 39 22.500,-106 07 30.000,35 37 30.000,-106 05 37.500,1526115_BASE2
41070,35049C,1526115_70,35,049C,508,D,35049C0508D,"COUNTYWIDE, PANEL PRINTED",2008/06/17,6000,AREA IN ZONE D,35 35 37.500,-106 03 45.000,35 33 45.000,-106 01 52.500,1526115_BASE2
86472,35043C,1510577_77,35,043C,900,D,35043C0900D,"COUNTYWIDE, PANEL PRINTED",2008/03/18,24000,AREA IN ZONE D,35 52 30,106 45 00,35 48 45,106 39 22.5,1510577_STUDY2
86473,35043C,1510577_75,35,043C,850,D,35043C0850D,"COUNTYWIDE, PANEL PRINTED",2008/03/18,24000,AREA IN ZONE D,35 52 30,107 00 00,35 45 00,106 52 30,1510577_STUDY2
86474,35043C,1510577_110,35,043C,2075,D,35043C2075D,"COUNTYWIDE, PANEL PRINTED",2008/03/18,24000,AREA IN ZONE D,35 15 00,107 00 00,35 07 30,106 52 30,1510577_STUDY2
86475,35043C,1510577_24,35,043C,1325,D,35043C1325D,"COUNTYWIDE, PANEL PRINTED",2008/03/18,24000,AREA IN ZONE D,35 37 30,107 07 30,35 30 00,107 00 00,1510577_STUDY2
86476,35043C,1510577_97,35,043C,1911,D,35043C1911D,"COUNTYWIDE, PANEL PRINTED",2008/03/18,6000,AREA IN ZONE D,35 18 45,106 37 30,35 16 52.5,106 35 37.5,1510577_STUDY2
86477,35043C,1510577_7,35,043C,1050,D,35043C1050D,"COUNTYWIDE, PANEL PRINTED",2008/03/18,24000,AREA IN ZONE D,35 45 00,107 15 00,35 37 30,107 07 30,1510577_STUDY2
86478,35043C,1510577_14,35,043C,1175,D,35043C1175D,"COUNTYWIDE, PANEL PRINTED",2008/03/18,24000,AREA IN ZONE D,35 45 00,106 37 30,35 37 30,106 30 00,1510577_STUDY2
86479,35043C,1510577_35,35,043C,1600,D,35043C1600D,"COUNTYWIDE, PANEL PRINTED",2008/03/18,24000,AREA IN ZONE D,35 30 00,107 00 00,35 22 30,106 52 30,1510577_STUDY2
86480,35043C,1510577_50,35,043C,225,D,35043C0225D,"COUNTYWIDE, PANEL PRINTED",2008/03/18,24000,AREA IN ZONE D,36 07 30,107 37 30,36 00 00,107 30 00,1510577_STUDY2
86481,35043C,1510577_63,35,043C,550,D,35043C0550D,"COUNTYWIDE, PANEL PRINTED",2008/03/18,24000,AREA IN ZONE D,36 00 00,107 15 00,35 52 30,107 07 30,1510577_STUDY2
86482,35043C,1510577_120,35,043C,2200,D,35043C2200D,"COUNTYWIDE, PANEL PRINTED",2008/03/18,24000,AREA IN ZONE D,35 15 00,106 22 30,35 07 30,106 15 00,1510577_STUDY2
86483,35043C,1510577_46,35,043C,125,D,35043C0125D,"COUNTYWIDE, NOT PRINTED",2008/03/18,24000,AREA IN ZONE D,36 15 00,107 15 00,36 07 30,107 07 30,1510577_STUDY2
86484,35043C,1510577_25,35,043C,1350,D,35043C1350D,"COUNTYWIDE, PANEL PRINTED",2008/03/18,24000,AREA IN ZONE D,35 37 30,107 00 00,35 30 00,106 52 30,1510577_STUDY2
86485,35043C,1510577_123,35,043C,2104,D,35043C2104D,"COUNTYWIDE, PANEL PRINTED",2008/03/18,6000,AREA IN ZONE D,35 13 07.6,106 43 07.5,35 11 15,106 41 15,1510577_STUDY2
86486,35043C,1510577_124,35,043C,2108,D,35043C2108D,"COUNTYWIDE, PANEL PRINTED",2008/03/18,6000,AREA IN ZONE D,35 13 07.6,106 41 15,35 11 15,106 39 22.5,1510577_STUDY2
86487,35043C,1510577_125,35,043C,2109,D,35043C2109D,"COUNTYWIDE, PANEL PRINTED",2008/03/18,6000,AREA IN ZONE D,35 13 07.5,106 39 22.5,35 11 15,106 37 30,1510577_STUDY2
86488,35043C,1510577_29,35,043C,1450,D,35043C1450D,"COUNTYWIDE, PANEL PRINTED",2008/03/18,24000,AREA IN ZONE D,35 37 30,106 30 00,35 30 00,106 22 30,1510577_STUDY2
86489,35043C,1510577_4,35,043C,889,D,35043C0889D,"COUNTYWIDE, PANEL PRINTED",2008/03/18,6000,AREA IN ZONE D,35 46 52.5,106 43 07.5,35 45 00,106 41 15,1510577_STUDY2
86490,35043C,1510577_52,35,043C,275,D,35043C0275D,"COUNTYWIDE, PANEL PRINTED",2008/03/18,24000,AREA IN ZONE D,36 07 30,107 22 30,36 00 00,107 15 00,1510577_STUDY2
86491,35043C,1510577_115,35,043C,2107,D,35043C2107D,"COUNTYWIDE, PANEL PRINTED",2008/03/18,6000,AREA IN ZONE D,35 15 00,106 39 22.5,35 13 07.5,106 37 30,1510577_STUDY2
86492,35043C,1510577_84,35,043C,1775,D,35043C1775D,"COUNTYWIDE, NOT PRINTED",2008/03/18,24000,NO SPECIAL FLOOD HAZARD AREAS,35 22 30,107 22 30,35 15 00,107 15 00,1510577_STUDY2
86493,35043C,1510577_6,35,043C,1025,D,35043C1025D,"COUNTYWIDE, PANEL PRINTED",2008/03/18,24000,AREA IN ZONE D,35 45 00,107 22 30,35 37 30,107 15 00,1510577_STUDY2
86494,35043C,1510577_41,35,043C,1750,D,35043C1750D,"COUNTYWIDE, PANEL PRINTED",2008/03/18,24000,AREA IN ZONE D,35 30 00,106 15 00,35 22 30,106 07 30,1510577_STUDY2
86495,35043C,1510577_93,35,043C,2000,D,35043C2000D,"COUNTYWIDE, PANEL PRINTED",2008/03/18,24000,AREA IN ZONE D,35 22 30,106 15 00,35 15 00,106 07 30,1510577_STUDY2
86496,35043C,1510577_26,35,043C,1375,D,35043C1375D,"COUNTYWIDE, PANEL PRINTED",2008/03/18,24000,AREA IN ZONE D,35 37 30,106 52 30,35 30 00,106 45 00,1510577_STUDY2
86497,35043C,1510577_114,35,043C,2106,D,35043C2106D,"COUNTYWIDE, PANEL PRINTED",2008/03/18,6000,AREA IN ZONE D,35 15 00,106 41 15,35 13 07.5,106 39 22.5,1510577_STUDY2
86498,35043C,1510577_118,35,043C,2150,D,35043C2150D,"COUNTYWIDE, PANEL PRINTED",2008/03/18,24000,AREA IN ZONE D,35 15 00,106 37 30,35 11 15,106 30 00,1510577_STUDY2
86499,35043C,1510577_57,35,043C,400,D,35043C0400D,"COUNTYWIDE, PANEL PRINTED",2008/03/18,24000,AREA IN ZONE D,36 07 30,106 30 00,36 00 00,106 22 30,1510577_STUDY2
86500,35043C,1510577_16,35,043C,1225,D,35043C1225D,"COUNTYWIDE, PANEL PRINTED",2008/03/18,24000,AREA IN ZONE D,35 45 00,106 22 30,35 37 30,106 15 00,1510577_STUDY2
86501,35043C,1510577_103,35,043C,1893,D,35043C1893D,"COUNTYWIDE, PANEL PRINTED",2008/03/18,6000,AREA IN ZONE D,35 16 52.5,106 41 15,35 15 00,106 39 22.5,1510577_STUDY2
86502,35043C,1510577_33,35,043C,1550,D,35043C1550D,"COUNTYWIDE, PANEL PRINTED",2008/03/18,24000,AREA IN ZONE D,35 30 00,107 15 00,35 22 30,107 07 30,1510577_STUDY2
86503,35043C,1510577_10,35,043C,1125,D,35043C1125D,"COUNTYWIDE, PANEL PRINTED",2008/03/18,24000,AREA IN ZONE D,35 45 00,106 52 30,35 39 22.5,106 45 00,1510577_STUDY2
86504,35043C,1510577_117,35,043C,2127,D,35043C2127D,"COUNTYWIDE, PANEL PRINTED",2008/03/18,6000,AREA IN ZONE D,35 15 00,106 35 37.5,35 13 07.5,106 33 45,1510577_STUDY2
86505,35043C,1510577_54,35,043C,325,D,35043C0325D,"COUNTYWIDE, PANEL PRINTED",2008/03/18,24000,AREA IN ZONE D,36 07 30,107 07 30,36 00 00,107 00 00,1510577_STUDY2
86506,35043C,1510577_60,35,043C,475,D,35043C0475D,"COUNTYWIDE, PANEL PRINTED",2008/03/18,24000,AREA IN ZONE D,36 00 00,107 37 30,35 52 30,107 30 00,1510577_STUDY2
86507,35043C,1510577_76,35,043C,875,D,35043C0875D,"COUNTYWIDE, PANEL PRINTED",2008/03/18,24000,AREA IN ZONE D,35 52 30,106 52 30,35 45 00,106 45 00,1510577_STUDY2
86508,35043C,1510577_3,35,043C,895,D,35043C0895D,"COUNTYWIDE, NOT PRINTED",2008/03/18,12000,NO SPECIAL FLOOD HAZARD AREAS,35 48 45,106 39 22.5,35 45 00,106 37 30,1510577_STUDY2
86509,35043C,1510577_87,35,043C,1850,D,35043C1850D,"COUNTYWIDE, PANEL PRINTED",2008/03/18,24000,AREA IN ZONE D,35 22 30,107 00 00,35 15 00,106 52 30,1510577_STUDY2
86510,35043C,1510577_81,35,043C,975,D,35043C0975D,"COUNTYWIDE, PANEL PRINTED",2008/03/18,24000,AREA IN ZONE D,35 52 30,106 15 00,35 45 00,106 07 30,1510577_STUDY2
86511,35043C,1510577_12,35,043C,1127,D,35043C1127D,"COUNTYWIDE, PANEL PRINTED",2008/03/18,6000,AREA IN ZONE D,35 45 00,106 43 07.5,35 43 07.5,106 41 15,1510577_STUDY2
86512,35043C,1510577_19,35,043C,1129,D,35043C1129D,"COUNTYWIDE, NOT PRINTED",2008/03/18,6000,NO SPECIAL FLOOD HAZARD AREAS,35 43 07.5,106 43 07.5,35 41 15,106 41 15,1510577_STUDY2
86513,35043C,1510577_58,35,043C,425,D,35043C0425D,"COUNTYWIDE, NOT PRINTED",2008/03/18,24000,AREA IN ZONE D,36 07 30,106 22 30,36 00 00,106 15 00,1510577_STUDY2
86514,35043C,1510577_94,35,043C,1904,D,35043C1904D,"COUNTYWIDE, PANEL PRINTED",2008/03/18,6000,AREA IN ZONE D,35 20 37.5,106 35 37.5,35 18 45,106 33 45,1510577_STUDY2
86515,35043C,1510577_102,35,043C,1889,D,35043C1889D,"COUNTYWIDE, PANEL PRINTED",2008/03/18,6000,AREA IN ZONE D,35 16 52.5,106 43 07.5,35 15 00,106 41 15,1510577_STUDY2
86516,35043C,1510577_21,35,043C,1138,D,35043C1138D,"COUNTYWIDE, PANEL PRINTED",2008/03/18,6000,AREA IN ZONE D,35 39 22.5,106 45 00,35 37 30,106 43 07.5,1510577_STUDY2
86517,35043C,1510577_61,35,043C,500,D,35043C0500D,"COUNTYWIDE, PANEL PRINTED",2008/03/18,24000,AREA IN ZONE D,36 00 00,107 30 00,35 52 30,107 22 30,1510577_STUDY2
86518,35043C,1510577_39,35,043C,1700,D,35043C1700D,"COUNTYWIDE, PANEL PRINTED",2008/03/18,24000,AREA IN ZONE D,35 30 00,106 30 00,35 22 30,106 22 30,1510577_STUDY2
86519,35043C,1510577_127,35,043C,2129,D,35043C2129D,"COUNTYWIDE, NOT PRINTED",2008/03/18,6000,AREA IN ZONE D,35 13 07.6,106 35 37.5,35 11 15,106 33 45,1510577_STUDY2
86520,35043C,1510577_51,35,043C,250,D,35043C0250D,"COUNTYWIDE, PANEL PRINTED",2008/03/18,24000,AREA IN ZONE D,36 07 30,107 30 00,36 00 00,107 22 30,1510577_STUDY2
86521,35043C,1510577_34,35,043C,1575,D,35043C1575D,"COUNTYWIDE, PANEL PRINTED",2008/03/18,24000,AREA IN ZONE D,35 30 00,107 07 30,35 22 30,107 00 00,1510577_STUDY2
86522,35043C,1510577_43,35,043C,50,D,35043C0050D,"COUNTYWIDE, PANEL PRINTED",2008/03/18,24000,AREA IN ZONE D,36 15 00,107 37 30,36 07 30,107 30 00,1510577_STUDY2
86523,35043C,1510577_53,35,043C,300,D,35043C0300D,"COUNTYWIDE, PANEL PRINTED",2008/03/18,24000,AREA IN ZONE D,36 07 30,107 15 00,36 00 00,107 07 30,1510577_STUDY2
86524,35043C,1510577_38,35,043C,1675,D,35043C1675D,"COUNTYWIDE, PANEL PRINTED",2008/03/18,24000,AREA IN ZONE D,35 30 00,106 37 30,35 22 30,106 30 00,1510577_STUDY2
86525,35043C,1510577_104,35,043C,1894,D,35043C1894D,"COUNTYWIDE, PANEL PRINTED",2008/03/18,6000,AREA IN ZONE D,35 16 52.5,106 39 22.5,35 15 00,106 37 30,1510577_STUDY2
86526,35043C,1510577_71,35,043C,750,D,35043C0750D,"COUNTYWIDE, NOT PRINTED",2008/03/18,24000,AREA IN ZONE D,36 00 00,106 15 00,35 52 30,106 07 30,1510577_STUDY2
86527,35043C,1510577_99,35,043C,1916,D,35043C1916D,"COUNTYWIDE, PANEL PRINTED",2008/03/18,6000,AREA IN ZONE D,35 18 45,106 33 45,35 16 52.5,106 31 52.5,1510577_STUDY2
86528,35043C,1510577_36,35,043C,1625,D,35043C1625D,"COUNTYWIDE, PANEL PRINTED",2008/03/18,24000,AREA IN ZONE D,35 30 00,106 52 30,35 22 30,106 45 00,1510577_STUDY2
86529,35043C,1510577_45,35,043C,100,D,35043C0100D,"COUNTYWIDE, NOT PRINTED",2008/03/18,24000,AREA IN ZONE D,36 15 00,107 22 30,36 07 30,107 15 00,1510577_STUDY2
86530,35043C,1510577_59,35,043C,450,D,35043C0450D,"COUNTYWIDE, NOT PRINTED",2008/03/18,24000,AREA IN ZONE D,36 07 30,106 15 00,36 00 00,106 07 30,1510577_STUDY2
86531,35043C,1510577_74,35,043C,825,D,35043C0825D,"COUNTYWIDE, PANEL PRINTED",2008/03/18,24000,AREA IN ZONE D,35 52 30,107 07 30,35 45 00,107 00 00,1510577_STUDY2
86532,35043C,1510577_28,35,043C,1425,D,35043C1425D,"COUNTYWIDE, PANEL PRINTED",2008/03/18,24000,AREA IN ZONE D,35 37 30,106 37 30,35 30 00,106 30 00,1510577_STUDY2
86533,35043C,1510577_66,35,043C,625,D,35043C0625D,"COUNTYWIDE, PANEL PRINTED",2008/03/18,24000,AREA IN ZONE D,36 00 00,106 52 30,35 52 30,106 45 00,1510577_STUDY2
86534,35043C,1510577_44,35,043C,75,D,35043C0075D,"COUNTYWIDE, PANEL PRINTED",2008/03/18,24000,AREA IN ZONE D,36 15 00,107 30 00,36 07 30,107 22 30,1510577_STUDY2
86535,35043C,1510577_112,35,043C,2101,D,35043C2101D,"COUNTYWIDE, PANEL PRINTED",2008/03/18,6000,AREA IN ZONE D,35 15 00,106 45 00,35 13 07.5,106 43 07.5,1510577_STUDY2
86536,35043C,1510577_30,35,043C,1475,D,35043C1475D,"COUNTYWIDE, PANEL PRINTED",2008/03/18,24000,AREA IN ZONE D,35 37 30,106 15 00,35 30 00,106 07 30,1510577_STUDY2
86537,35043C,1510577_17,35,043C,1250,D,35043C1250D,"COUNTYWIDE, NOT PRINTED",2008/03/18,24000,NO SPECIAL FLOOD HAZARD AREAS,35 45 00,106 15 00,35 37 30,106 07 30,1510577_STUDY2
86538,35043C,1510577_22,35,043C,1275,D,35043C1275D,"COUNTYWIDE, PANEL PRINTED",2008/03/18,24000,AREA IN ZONE D,35 37 30,107 22 30,35 30 00,107 15 00,1510577_STUDY2
86539,35043C,1510577_107,35,043C,1920,D,35043C1920D,"COUNTYWIDE, PANEL PRINTED",2008/03/18,12000,AREA IN ZONE D,35 16 52.5,106 33 45,35 15 00,106 30 00,1510577_STUDY2
86540,35043C,1510577_108,35,043C,2025,D,35043C2025D,"COUNTYWIDE, PANEL PRINTED",2008/03/18,24000,AREA IN ZONE D,35 15 00,107 15 00,35 07 30,107 07 30,1510577_STUDY2
86541,35043C,1510577_68,35,043C,675,D,35043C0675D,"COUNTYWIDE, PANEL PRINTED",2008/03/18,24000,AREA IN ZONE D,36 00 00,106 37 30,35 52 30,106 30 00,1510577_STUDY2
86542,35043C,1510577_5,35,043C,893,D,35043C0893D,"COUNTYWIDE, NOT PRINTED",2008/03/18,6000,NO SPECIAL FLOOD HAZARD AREAS,35 46 52.5,106 41 15,35 45 00,106 39 22.5,1510577_STUDY2
86543,35043C,1510577_105,35,043C,1913,D,35043C1913D,"COUNTYWIDE, PANEL PRINTED",2008/03/18,6000,AREA IN ZONE D,35 16 52.5,106 37 30,35 15 00,106 35 37.5,1510577_STUDY2
86544,35043C,1510577_31,35,043C,1500,D,35043C1500D,"COUNTYWIDE, PANEL PRINTED",2008/03/18,24000,AREA IN ZONE D,35 37 30,106 22 30,35 30 00,106 15 00,1510577_STUDY2
86545,35043C,1510577_65,35,043C,600,D,35043C0600D,"COUNTYWIDE, PANEL PRINTED",2008/03/18,24000,AREA IN ZONE D,36 00 00,107 00 00,35 52 30,106 52 30,1510577_STUDY2
86546,35043C,1510577_23,35,043C,1300,D,35043C1300D,"COUNTYWIDE, PANEL PRINTED",2008/03/18,24000,AREA IN ZONE D,35 37 30,107 15 00,35 30 00,107 07 30,1510577_STUDY2
86547,35043C,1510577_101,35,043C,1888,D,35043C1888D,"COUNTYWIDE, PANEL PRINTED",2008/03/18,6000,AREA IN ZONE D,35 16 52.5,106 45 00,35 15 00,106 43 07.5,1510577_STUDY2
86548,35043C,1510577_73,35,043C,800,D,35043C0800D,"COUNTYWIDE, PANEL PRINTED",2008/03/18,24000,AREA IN ZONE D,35 52 30,107 15 00,35 45 00,107 07 30,1510577_STUDY2
86549,35043C,1510577_122,35,043C,2125,D,35043C2125D,"COUNTYWIDE, PANEL PRINTED",2008/03/18,24000,AREA IN ZONE D,35 13 07.5,106 45 00,35 11 15,106 39 22.5,1510577_STUDY2
86550,35043C,1510577_11,35,043C,1126,D,35043C1126D,"COUNTYWIDE, PANEL PRINTED",2008/03/18,6000,AREA IN ZONE D,35 45 00,106 45 00,35 43 07.5,106 43 07.5,1510577_STUDY2
86551,35043C,1510577_95,35,043C,1908,D,35043C1908D,"COUNTYWIDE, PANEL PRINTED",2008/03/18,6000,AREA IN ZONE D,35 20 37.5,106 33 45,35 18 45,106 31 52.5,1510577_STUDY2
86552,35043C,1510577_79,35,043C,925,D,35043C0925D,"COUNTYWIDE, PANEL PRINTED",2008/03/18,24000,AREA IN ZONE D,35 52 30,106 37 30,35 45 00,106 30 00,1510577_STUDY2
86553,35043C,1510577_13,35,043C,1150,D,35043C1150D,"COUNTYWIDE, PANEL PRINTED",2008/03/18,24000,AREA IN ZONE D,35 45 00,106 41 15,35 41 15,106 37 30,1510577_STUDY2
86554,35043C,1510577_98,35,043C,1912,D,35043C1912D,"COUNTYWIDE, PANEL PRINTED",2008/03/18,6000,AREA IN ZONE D,35 18 45,106 35 37.5,35 16 52.5,106 33 45,1510577_STUDY2
86555,35043C,1510577_119,35,043C,2175,D,35043C2175D,"COUNTYWIDE, PANEL PRINTED",2008/03/18,24000,AREA IN ZONE D,35 15 00,106 30 00,35 07 30,106 22 30,1510577_STUDY2
86556,35043C,1510577_48,35,043C,175,D,35043C0175D,"COUNTYWIDE, PANEL PRINTED",2008/03/18,24000,AREA IN ZONE D,36 15 00,107 00 00,36 07 30,106 52 30,1510577_STUDY2
86429,35043C,1510577_55,35,043C,350,D,35043C0350D,"COUNTYWIDE, PANEL PRINTED",2008/03/18,24000,AREA IN ZONE D,36 07 30,107 00 00,36 00 00,106 52 30,1510577_STUDY2
86430,35043C,1510577_91,35,043C,1950,D,35043C1950D,"COUNTYWIDE, PANEL PRINTED",2008/03/18,24000,AREA IN ZONE D,35 22 30,106 30 00,35 16 52.5,106 22 30,1510577_STUDY2
86431,35043C,1510577_69,35,043C,700,D,35043C0700D,"COUNTYWIDE, PANEL PRINTED",2008/03/18,24000,AREA IN ZONE D,36 00 00,106 30 00,35 52 30,106 22 30,1510577_STUDY2
86432,35043C,1510577_88,35,043C,1875,D,35043C1875D,"COUNTYWIDE, PANEL PRINTED",2008/03/18,24000,AREA IN ZONE D,35 22 30,106 52 30,35 15 00,106 45 00,1510577_STUDY2
86433,35043C,1510577_42,35,043C,25,D,35043C0025D,"COUNTYWIDE, NOT PRINTED",2008/03/18,24000,NO SPECIAL FLOOD HAZARD AREAS,36 15 00,107 45 00,36 07 30,107 37 30,1510577_STUDY2
86434,35043C,1510577_56,35,043C,375,D,35043C0375D,"COUNTYWIDE, NOT PRINTED",2008/03/18,24000,NO SPECIAL FLOOD HAZARD AREAS,36 07 30,106 37 30,36 00 00,106 30 00,1510577_STUDY2
86435,35043C,1510577_96,35,043C,1909,D,35043C1909D,"COUNTYWIDE, PANEL PRINTED",2008/03/18,6000,AREA IN ZONE D,35 20 37.5,106 31 52.5,35 18 45,106 30 00,1510577_STUDY2
86436,35043C,1510577_70,35,043C,725,D,35043C0725D,"COUNTYWIDE, NOT PRINTED",2008/03/18,24000,AREA IN ZONE D,36 00 00,106 22 30,35 52 30,106 15 00,1510577_STUDY2
86437,35043C,1510577_32,35,043C,1525,D,35043C1525D,"COUNTYWIDE, PANEL PRINTED",2008/03/18,24000,AREA IN ZONE D,35 30 00,107 22 30,35 22 30,107 15 00,1510577_STUDY2
86438,35043C,1510577_40,35,043C,1725,D,35043C1725D,"COUNTYWIDE, PANEL PRINTED",2008/03/18,24000,AREA IN ZONE D,35 30 00,106 22 30,35 22 30,106 15 00,1510577_STUDY2
86439,35043C,1510577_78,35,043C,882,D,35043C0882D,"COUNTYWIDE, PANEL PRINTED",2008/03/18,6000,AREA IN ZONE D,35 52 30,106 39 22.5,35 50 37.5,106 37 30,1510577_STUDY2
86440,35043C,1510577_67,35,043C,650,D,35043C0650D,"COUNTYWIDE, PANEL PRINTED",2008/03/18,24000,AREA IN ZONE D,36 00 00,106 45 00,35 52 30,106 37 30,1510577_STUDY2
86441,35043C,1510577_100,35,043C,1917,D,35043C1917D,"COUNTYWIDE, PANEL PRINTED",2008/03/18,6000,AREA IN ZONE D,35 18 45,106 31 52.5,35 16 52.5,106 30 00,1510577_STUDY2
86442,35043C,1510577_49,35,043C,200,D,35043C0200D,"COUNTYWIDE, PANEL PRINTED",2008/03/18,24000,AREA IN ZONE D,36 07 30,107 45 00,36 00 00,107 37 30,1510577_STUDY2
86443,35043C,1510577_80,35,043C,950,D,35043C0950D,"COUNTYWIDE, PANEL PRINTED",2008/03/18,24000,AREA IN ZONE D,35 52 30,106 30 00,35 45 00,106 22 30,1510577_STUDY2
86444,35043C,1510577_92,35,043C,1975,D,35043C1975D,"COUNTYWIDE, PANEL PRINTED",2008/03/18,24000,AREA IN ZONE D,35 22 30,106 22 30,35 15 00,106 15 00,1510577_STUDY2
86445,35043C,1510577_1,35,043C,887,D,35043C0887D,"COUNTYWIDE, PANEL PRINTED",2008/03/18,6000,AREA IN ZONE D,35 48 45,106 43 07.5,35 46 52.5,106 41 15,1510577_STUDY2
86446,35043C,1510577_82,35,043C,1000,D,35043C1000D,"COUNTYWIDE, PANEL PRINTED",2008/03/18,24000,AREA IN ZONE D,35 52 30,106 22 30,35 45 00,106 15 00,1510577_STUDY2
86447,35043C,1510577_86,35,043C,1825,D,35043C1825D,"COUNTYWIDE, PANEL PRINTED",2008/03/18,24000,AREA IN ZONE D,35 22 30,107 07 30,35 15 00,107 00 00,1510577_STUDY2
86448,35043C,1510577_121,35,043C,2225,D,35043C2225D,"COUNTYWIDE, PANEL PRINTED",2008/03/18,24000,AREA IN ZONE D,35 15 00,106 15 00,35 07 30,106 07 30,1510577_STUDY2
86449,35043C,1510577_9,35,043C,1100,D,35043C1100D,"COUNTYWIDE, PANEL PRINTED",2008/03/18,24000,AREA IN ZONE D,35 45 00,107 00 00,35 37 30,106 52 30,1510577_STUDY2
86450,35043C,1510577_2,35,043C,891,D,35043C0891D,"COUNTYWIDE, PANEL PRINTED",2008/03/18,6000,AREA IN ZONE D,35 48 45,106 41 15,35 46 52.5,106 39 22.5,1510577_STUDY2
86451,35043C,1510577_47,35,043C,150,D,35043C0150D,"COUNTYWIDE, NOT PRINTED",2008/03/18,24000,AREA IN ZONE D,36 15 00,107 07 30,36 07 30,107 00 00,1510577_STUDY2
86452,35043C,1510577_116,35,043C,2126,D,35043C2126D,"COUNTYWIDE, PANEL PRINTED",2008/03/18,6000,AREA IN ZONE D,35 15 00,106 37 30,35 13 07.5,106 35 37.5,1510577_STUDY2
86453,35043C,1510577_64,35,043C,575,D,35043C0575D,"COUNTYWIDE, PANEL PRINTED",2008/03/18,24000,AREA IN ZONE D,36 00 00,107 07 30,35 52 30,107 00 00,1510577_STUDY2
86454,35043C,1510577_83,35,043C,883,D,35043C0883D,"COUNTYWIDE, PANEL PRINTED",2008/03/18,6000,AREA IN ZONE D,35 50 37.5,106 41 15,35 48 45,106 39 22.5,1510577_STUDY2
86455,35043C,1510577_8,35,043C,1075,D,35043C1075D,"COUNTYWIDE, PANEL PRINTED",2008/03/18,24000,AREA IN ZONE D,35 45 00,107 07 30,35 37 30,107 00 00,1510577_STUDY2
86456,35043C,1510577_27,35,043C,1400,D,35043C1400D,"COUNTYWIDE, PANEL PRINTED",2008/03/18,24000,AREA IN ZONE D,35 37 30,106 45 00,35 30 00,106 37 30,1510577_STUDY2
86457,35043C,1510577_72,35,043C,775,D,35043C0775D,"COUNTYWIDE, PANEL PRINTED",2008/03/18,24000,AREA IN ZONE D,35 52 30,107 22 30,35 45 00,107 15 00,1510577_STUDY2
86458,35043C,1510577_15,35,043C,1200,D,35043C1200D,"COUNTYWIDE, PANEL PRINTED",2008/03/18,24000,AREA IN ZONE D,35 45 00,106 30 00,35 37 30,106 22 30,1510577_STUDY2
86459,35043C,1510577_18,35,043C,1128,D,35043C1128D,"COUNTYWIDE, PANEL PRINTED",2008/03/18,6000,AREA IN ZONE D,35 43 07.5,106 45 00,35 41 15,106 43 07.5,1510577_STUDY2
86460,35043C,1510577_90,35,043C,1925,D,35043C1925D,"COUNTYWIDE, PANEL PRINTED",2008/03/18,24000,AREA IN ZONE D,35 22 30,106 37 30,35 20 37.5,106 30 00,1510577_STUDY2
86461,35043C,1510577_62,35,043C,525,D,35043C0525D,"COUNTYWIDE, PANEL PRINTED",2008/03/18,24000,AREA IN ZONE D,36 00 00,107 22 30,35 52 30,107 15 00,1510577_STUDY2
86462,35043C,1510577_126,35,043C,2128,D,35043C2128D,"COUNTYWIDE, PANEL PRINTED",2008/03/18,6000,AREA IN ZONE D,35 13 07.5,106 37 30,35 11 15,106 35 37.5,1510577_STUDY2
86463,35043C,1510577_106,35,043C,1914,D,35043C1914D,"COUNTYWIDE, PANEL PRINTED",2008/03/18,6000,AREA IN ZONE D,35 16 52.5,106 35 37.5,35 15 00,106 33 45,1510577_STUDY2
86464,35043C,1510577_37,35,043C,1650,D,35043C1650D,"COUNTYWIDE, PANEL PRINTED",2008/03/18,24000,AREA IN ZONE D,35 30 00,106 45 00,35 22 30,106 37 30,1510577_STUDY2
86465,35043C,1510577_113,35,043C,2102,D,35043C2102D,"COUNTYWIDE, PANEL PRINTED",2008/03/18,6000,AREA IN ZONE D,35 15 00,106 43 07.5,35 13 07.5,106 41 15,1510577_STUDY2
86466,35043C,1510577_85,35,043C,1800,D,35043C1800D,"COUNTYWIDE, PANEL PRINTED",2008/03/18,24000,AREA IN ZONE D,35 22 30,107 15 00,35 15 00,107 07 30,1510577_STUDY2
86467,35043C,1510577_111,35,043C,2100,D,35043C2100D,"COUNTYWIDE, PANEL PRINTED",2008/03/18,24000,AREA IN ZONE D,35 15 00,106 52 30,35 07 30,106 45 00,1510577_STUDY2
86468,35043C,1510577_109,35,043C,2050,D,35043C2050D,"COUNTYWIDE, PANEL PRINTED",2008/03/18,24000,AREA IN ZONE D,35 15 00,107 07 30,35 07 30,107 00 00,1510577_STUDY2
86469,35043C,1510577_20,35,043C,1136,D,35043C1136D,"COUNTYWIDE, PANEL PRINTED",2008/03/18,6000,AREA IN ZONE D,35 41 15,106 45 00,35 39 22.5,106 43 07.5,1510577_STUDY2
86470,35043C,1510577_89,35,043C,1900,D,35043C1900D,"COUNTYWIDE, PANEL PRINTED",2008/03/18,24000,AREA IN ZONE D,35 22 30,106 45 00,35 16 52.5,106 37 30,1510577_STUDY2
86471,35043C,1510577_0,35,043C,884,D,35043C0884D,"COUNTYWIDE, PANEL PRINTED",2008/03/18,6000,AREA IN ZONE D,35 50 37.5,106 39 22.5,35 48 45,106 37 30,1510577_STUDY2
70585,350052,248995_7,35,0052,8,C,3500520008C,"COMMUNITY BASED, PANEL PRINTED",2006/02/16,6000,AREA IN ZONE D,036 00 00.000,-106 03 45.000,035 58 07.500,-106 01 53.500,248995_BASE1
70586,350052,248995_6,35,0052,3,C,3500520003C,"COMMUNITY BASED, PANEL PRINTED",2006/02/16,6000,AREA IN ZONE D,036 01 52.500,-106 07 30.000,036 00 00.000,-106 05 37.500,248995_BASE1
70587,350052,248995_8,35,0052,7,C,3500520007C,"COMMUNITY BASED, PANEL PRINTED",2006/02/16,6000,AREA IN ZONE D,036 00 00.000,-106 05 37.500,035 58 07.500,-106 03 45.000,248995_BASE1
70588,350052,248995_3,35,0052,6,C,3500520006C,"COMMUNITY BASED, NOT PRINTED",2006/02/16,6000,NO SPECIAL FLOOD HAZARD AREAS,036 01 52.500,-106 01 52.500,036 00 00.000,-106 00 00.000,248995_BASE1
70589,350052,248995_5,35,0052,4,C,3500520004C,"COMMUNITY BASED, PANEL PRINTED",2006/02/16,6000,AREA IN ZONE D,036 01 52.500,-106 05 37.500,036 00 00.000,-106 03 45.000,248995_BASE1
70590,350052,248995_2,35,0052,1,C,3500520001C,"COMMUNITY BASED, PANEL PRINTED",2006/02/16,6000,AREA IN ZONE D,036 03 45.000,-106 05 37.500,036 01 52.500,-106 03 45.000,248995_BASE1
70591,350052,248995_4,35,0052,5,C,3500520005C,"COMMUNITY BASED, PANEL PRINTED",2006/02/16,6000,AREA IN ZONE D,036 01 52.500,-106 03 45.000,036 00 00.000,-106 01 52.500,248995_BASE1
70592,350052,248995_1,35,0052,2,C,3500520002C,"COMMUNITY BASED, PANEL PRINTED",2006/02/16,6000,AREA IN ZONE D,036 03 45.000,-106 03 45.000,036 01 52.500,-106 01 52.500,248995_BASE1
84639,35001C,1549138_34,35,001C,25,G,35001C0025G,"COUNTYWIDE, PANEL PRINTED",2008/09/26,24000,AREA IN ZONE D,35 15 00.000,-107 15 00.000,35 07 30.000,-107 07 30.000,1549138_STUDY5
84640,35001C,1549138_121,35,001C,357,G,35001C0357G,"COUNTYWIDE, PANEL PRINTED",2008/09/26,6000,AREA IN ZONE D,35 07 30.000,-106 31 52.500,35 05 37.500,-106 30 00.000,1549138_STUDY5
84641,35001C,1549138_174,35,001C,527,G,35001C0527G,"COUNTYWIDE, PANEL PRINTED",2008/09/26,6000,AREA IN ZONE D,35 00 00.000,-106 43 07.500,34 58 07.500,-106 41 15.000,1549138_STUDY5
84642,35001C,1549138_94,35,001C,142,G,35001C0142G,"COUNTYWIDE, PANEL PRINTED",2008/09/26,6000,AREA IN ZONE D,35 11 15.000,-106 31 52.500,35 09 22.500,-106 30 00.000,1549138_STUDY5
84643,35001C,1549138_67,35,001C,401,G,35001C0401G,"COUNTYWIDE, PANEL PRINTED",2008/09/26,6000,AREA IN ZONE D,35 07 30.000,-106 22 30.000,35 05 37.500,-106 20 37.500,1549138_STUDY5
84644,35001C,1549138_151,35,001C,343,G,35001C0343G,"COUNTYWIDE, PANEL PRINTED",2008/09/26,6000,AREA IN ZONE D,35 01 52.500,-106 41 15.000,35 00 00.000,-106 39 22.500,1549138_STUDY5
84645,35001C,1549138_77,35,001C,118,G,35001C0118G,"COUNTYWIDE, PANEL PRINTED",2008/09/26,6000,AREA IN ZONE D,35 09 22.500,-106 41 15.000,35 07 30.000,-106 39 22.500,1549138_STUDY5
84646,35001C,1549138_103,35,001C,165,G,35001C0165G,"COUNTYWIDE, PANEL PRINTED",2008/09/26,12000,AREA IN ZONE D,35 11 15.000,-106 30 00.000,35 07 30.000,-106 26 15.000,1549138_STUDY5
84647,35001C,1549138_49,35,001C,825,G,35001C0825G,"COUNTYWIDE, NOT PRINTED",2008/09/26,24000,AREA IN ZONE D,34 52 30.000,-106 15 00.000,34 45 00.000,-106 07 30.000,1549138_STUDY5
84648,35001C,1549138_119,35,001C,351,G,35001C0351G,"COUNTYWIDE, PANEL PRINTED",2008/09/26,6000,AREA IN ZONE D,35 07 30.000,-106 37 30.000,35 05 37.500,-106 35 37.500,1549138_STUDY5
84649,35001C,1549138_51,35,001C,92,G,35001C0092G,"COUNTYWIDE, PANEL PRINTED",2008/09/26,6000,AREA IN ZONE D,35 11 15.000,-106 46 52.500,35 09 22.500,-106 45 00.000,1549138_STUDY5
84650,35001C,1549138_143,35,001C,334,G,35001C0334G,"COUNTYWIDE, PANEL PRINTED",2008/09/26,6000,AREA IN ZONE D,35 05 37.500,-106 39 22.500,35 03 45.000,-106 37 30.000,1549138_STUDY5
84651,35001C,1549138_156,35,001C,308,G,35001C0308G,"COUNTYWIDE, PANEL PRINTED",2008/09/26,6000,AREA IN ZONE D,35 05 37.500,-106 48 45.000,35 03 45.000,-106 46 52.400,1549138_STUDY5
84652,35001C,1549138_74,35,001C,80,G,35001C0080G,"COUNTYWIDE, PANEL PRINTED",2008/09/26,12000,AREA IN ZONE D,35 15 00.000,-106 52 30.000,35 11 15.000,-106 48 45.000,1549138_STUDY5
84653,35001C,1549138_149,35,001C,344,G,35001C0344G,"COUNTYWIDE, PANEL PRINTED",2008/09/26,6000,AREA IN ZONE D,35 01 52.500,-106 39 22.500,35 00 00.000,-106 37 30.000,1549138_STUDY5
84654,35001C,1549138_124,35,001C,358,G,35001C0358G,"COUNTYWIDE, PANEL PRINTED",2008/09/26,6000,AREA IN ZONE D,35 05 37.500,-106 33 45.000,35 03 45.000,-106 31 52.500,1549138_STUDY5
84655,35001C,1549138_163,35,001C,293,G,35001C0293G,"COUNTYWIDE, PANEL PRINTED",2008/09/26,6000,AREA IN ZONE D,35 01 52.500,-106 56 15.000,35 00 00.000,-106 54 22.500,1549138_STUDY5
84656,35001C,1549138_69,35,001C,354,G,35001C0354G,"COUNTYWIDE, PANEL PRINTED",2008/09/26,6000,AREA IN ZONE D,35 05 37.500,-106 35 37.500,35 03 45.000,-106 33 45.000,1549138_STUDY5
84657,35001C,1549138_110,35,001C,379,G,35001C0379G,"COUNTYWIDE, PANEL PRINTED",2008/09/26,6000,AREA IN ZONE D,35 05 37.500,-106 28 07.500,35 03 45.000,-106 26 15.000,1549138_STUDY5
84658,35001C,1549138_173,35,001C,510,G,35001C0510G,"COUNTYWIDE, PANEL PRINTED",2008/09/26,12000,AREA IN ZONE D,35 00 00.000,-106 48 45.000,34 56 15.000,-106 45 00.000,1549138_STUDY5
84659,35001C,1549138_66,35,001C,200,G,35001C0200G,"COUNTYWIDE, PANEL PRINTED",2008/09/26,24000,AREA IN ZONE D,35 15 00.000,-106 22 30.000,35 07 30.000,-106 15 00.000,1549138_STUDY5
84660,35001C,1549138_116,35,001C,386,G,35001C0386G,"COUNTYWIDE, PANEL PRINTED",2008/09/26,6000,AREA IN ZONE D,35 03 45.000,-106 30 00.000,35 01 52.500,-106 28 07.500,1549138_STUDY5
84661,35001C,1549138_47,35,001C,775,G,35001C0775G,"COUNTYWIDE, NOT PRINTED",2008/09/26,24000,AREA IN ZONE D,34 52 30.000,-106 30 00.000,34 45 00.000,-106 22 30.000,1549138_STUDY5
84662,35001C,1549138_135,35,001C,305,G,35001C0305G,"COUNTYWIDE, PANEL PRINTED",2008/09/26,12000,AREA IN ZONE D,35 07 30.000,-106 52 30.000,35 03 45.000,-106 48 45.000,1549138_STUDY5
84663,35001C,1549138_106,35,001C,186,G,35001C0186G,"COUNTYWIDE, PANEL PRINTED",2008/09/26,6000,AREA IN ZONE D,35 11 15.000,-106 22 30.000,35 09 22.500,-106 20 37.500,1549138_STUDY5
84664,35001C,1549138_182,35,001C,490,G,35001C0490G,"COUNTYWIDE, NOT PRINTED",2008/09/26,12000,AREA IN ZONE D,34 56 15.000,-107 00 00.000,34 52 30.000,-106 56 15.000,1549138_STUDY5
84665,35001C,1549138_89,35,001C,128,G,35001C0128G,"COUNTYWIDE, PANEL PRINTED",2008/09/26,6000,AREA IN ZONE D,35 13 07.500,-106 37 30.000,35 11 15.000,-106 35 37.500,1549138_STUDY5
84666,35001C,1549138_72,35,001C,425,G,35001C0425G,"COUNTYWIDE, NOT PRINTED",2008/09/26,24000,AREA IN ZONE D,35 07 30.000,-106 22 30.000,35 00 00.000,-106 15 00.000,1549138_STUDY5
84667,35001C,1549138_64,35,001C,116,G,35001C0116G,"COUNTYWIDE, PANEL PRINTED",2008/09/26,6000,AREA IN ZONE D,35 11 15.000,-106 41 15.000,35 09 22.500,-106 39 22.500,1549138_STUDY5
84668,35001C,1549138_54,35,001C,352,G,35001C0352G,"COUNTYWIDE, PANEL PRINTED",2008/09/26,6000,AREA IN ZONE D,35 07 30.000,-106 35 37.500,35 05 37.500,-106 33 45.000,1549138_STUDY5
84669,35001C,1549138_46,35,001C,750,G,35001C0750G,"COUNTYWIDE, NOT PRINTED",2008/09/26,24000,AREA IN ZONE D,34 52 30.000,-106 45 00.000,34 45 00.000,-106 37 30.000,1549138_STUDY5
84670,35001C,1549138_109,35,001C,377,G,35001C0377G,"COUNTYWIDE, NOT PRINTED",2008/09/26,6000,AREA IN ZONE D,35 07 30.000,-106 28 07.500,35 05 37.500,-106 26 15.000,1549138_STUDY5
84671,35001C,1549138_144,35,001C,331,G,35001C0331G,"COUNTYWIDE, PANEL PRINTED",2008/09/26,6000,AREA IN ZONE D,35 07 30.000,-106 41 15.000,35 05 37.500,-106 39 22.500,1549138_STUDY5
84672,35001C,1549138_175,35,001C,529,G,35001C0529G,"COUNTYWIDE, PANEL PRINTED",2008/09/26,6000,AREA IN ZONE D,34 58 07.500,-106 43 07.500,34 56 15.000,-106 41 15.000,1549138_STUDY5
84673,35001C,1549138_35,35,001C,225,G,35001C0225G,"COUNTYWIDE, NOT PRINTED",2008/09/26,24000,AREA IN ZONE D,35 14 60.000,-106 15 00.000,35 07 30.000,-106 07 30.000,1549138_STUDY5
84674,35001C,1549138_142,35,001C,332,G,35001C0332G,"COUNTYWIDE, PANEL PRINTED",2008/09/26,6000,AREA IN ZONE D,35 07 30.000,-106 39 22.500,35 05 37.500,-106 37 30.000,1549138_STUDY5
84675,35001C,1549138_150,35,001C,341,G,35001C0341G,"COUNTYWIDE, PANEL PRINTED",2008/09/26,6000,AREA IN ZONE D,35 03 45.000,-106 41 15.000,35 01 52.500,-106 39 22.500,1549138_STUDY5
84676,35001C,1549138_145,35,001C,333,G,35001C0333G,"COUNTYWIDE, PANEL PRINTED",2008/09/26,6000,AREA IN ZONE D,35 05 37.500,-106 41 15.000,35 03 45.000,-106 39 22.500,1549138_STUDY5
84677,35001C,1549138_138,35,001C,327,G,35001C0327G,"COUNTYWIDE, PANEL PRINTED",2008/09/26,6000,AREA IN ZONE D,35 07 30.000,-106 43 07.500,35 05 37.500,-106 41 15.000,1549138_STUDY5
84678,35001C,1549138_95,35,001C,144,G,35001C0144G,"COUNTYWIDE, PANEL PRINTED",2008/09/26,6000,AREA IN ZONE D,35 09 22.500,-106 31 52.500,35 07 30.000,-106 30 00.000,1549138_STUDY5
84679,35001C,1549138_65,35,001C,137,G,35001C0137G,"COUNTYWIDE, PANEL PRINTED",2008/09/26,6000,AREA IN ZONE D,35 11 15.000,-106 35 37.500,35 09 22.500,-106 33 45.000,1549138_STUDY5
84680,35001C,1549138_105,35,001C,189,G,35001C0189G,"COUNTYWIDE, PANEL PRINTED",2008/09/26,6000,AREA IN ZONE D,35 09 22.500,-106 20 37.500,35 07 30.000,-106 18 45.000,1549138_STUDY5
84681,35001C,1549138_78,35,001C,112,G,35001C0112G,"COUNTYWIDE, PANEL PRINTED",2008/09/26,6000,AREA IN ZONE D,35 11 15.000,-106 43 07.500,35 09 22.500,-106 41 15.000,1549138_STUDY5
84682,35001C,1549138_50,35,001C,50,G,35001C0050G,"COUNTYWIDE, PANEL PRINTED",2008/09/26,24000,AREA IN ZONE D,35 15 00.000,-107 07 30.000,35 07 30.000,-107 00 00.000,1549138_STUDY5
84683,35001C,1549138_120,35,001C,353,G,35001C0353G,"COUNTYWIDE, PANEL PRINTED",2008/09/26,6000,AREA IN ZONE D,35 05 37.500,-106 37 30.000,35 03 45.000,-106 35 37.500,1549138_STUDY5
84684,35001C,1549138_115,35,001C,387,G,35001C0387G,"COUNTYWIDE, PANEL PRINTED",2008/09/26,6000,AREA IN ZONE D,35 03 45.000,-106 28 07.500,35 01 52.500,-106 26 15.000,1549138_STUDY5
84685,35001C,1549138_147,35,001C,338,G,35001C0338G,"COUNTYWIDE, PANEL PRINTED",2008/09/26,6000,AREA IN ZONE D,35 01 52.500,-106 45 00.000,35 00 00.000,-106 43 07.500,1549138_STUDY5
84686,35001C,1549138_63,35,001C,119,G,35001C0119G,"COUNTYWIDE, PANEL PRINTED",2008/09/26,6000,AREA IN ZONE D,35 09 22.500,-106 39 22.500,35 07 30.000,-106 37 30.000,1549138_STUDY5
84687,35001C,1549138_55,35,001C,292,G,35001C0292G,"COUNTYWIDE, PANEL PRINTED",2008/09/26,6000,AREA IN ZONE D,35 03 45.000,-106 54 22.500,35 01 52.500,-106 52 30.000,1549138_STUDY5
84688,35001C,1549138_41,35,001C,625,G,35001C0625G,"COUNTYWIDE, NOT PRINTED",2008/09/26,24000,AREA IN ZONE D,35 00 00.000,-106 22 30.000,34 52 30.000,-106 15 00.000,1549138_STUDY5
84689,35001C,1549138_79,35,001C,114,G,35001C0114G,"COUNTYWIDE, PANEL PRINTED",2008/09/26,6000,AREA IN ZONE D,35 09 22.500,-106 43 07.500,35 07 30.000,-106 41 15.000,1549138_STUDY5
84690,35001C,1549138_153,35,001C,307,G,35001C0307G,"COUNTYWIDE, PANEL PRINTED",2008/09/26,6000,AREA IN ZONE D,35 07 30.000,-106 46 52.500,35 05 37.500,-106 45 00.000,1549138_STUDY5
84691,35001C,1549138_100,35,001C,161,G,35001C0161G,"COUNTYWIDE, PANEL PRINTED",2008/09/26,6000,AREA IN ZONE D,35 11 15.000,-106 30 00.000,35 09 22.500,-106 28 07.500,1549138_STUDY5
84692,35001C,1549138_141,35,001C,328,G,35001C0328G,"COUNTYWIDE, PANEL PRINTED",2008/09/26,6000,AREA IN ZONE D,35 05 37.500,-106 45 00.000,35 03 45.000,-106 43 07.500,1549138_STUDY5
84693,35001C,1549138_91,35,001C,133,G,35001C0133G,"COUNTYWIDE, PANEL PRINTED",2008/09/26,6000,AREA IN ZONE D,35 13 07.500,-106 33 45.000,35 11 15.000,-106 31 52.500,1549138_STUDY5
84694,35001C,1549138_40,35,001C,600,G,35001C0600G,"COUNTYWIDE, NOT PRINTED",2008/09/26,24000,AREA IN ZONE D,34 59 60.000,-106 30 00.000,34 52 30.000,-106 22 30.000,1549138_STUDY5
84695,35001C,1549138_37,35,001C,275,G,35001C0275G,"COUNTYWIDE, PANEL PRINTED",2008/09/26,24000,AREA IN ZONE D,35 07 30.000,-107 07 30.000,35 00 00.000,-107 00 00.000,1549138_STUDY5
84696,35001C,1549138_179,35,001C,485,G,35001C0485G,"COUNTYWIDE, PANEL PRINTED",2008/09/26,12000,AREA IN ZONE D,35 00 00.000,-106 56 15.000,34 56 15.000,-106 52 30.000,1549138_STUDY5
84697,35001C,1549138_93,35,001C,138,G,35001C0138G,"COUNTYWIDE, PANEL PRINTED",2008/09/26,6000,AREA IN ZONE D,35 09 22.500,-106 37 30.000,35 07 30.000,-106 35 37.500,1549138_STUDY5
84698,35001C,1549138_39,35,001C,475,G,35001C0475G,"COUNTYWIDE, NOT PRINTED",2008/09/26,24000,AREA IN ZONE D,35 00 00.000,-107 07 30.000,34 52 30.000,-107 00 00.000,1549138_STUDY5
84699,35001C,1549138_104,35,001C,187,G,35001C0187G,"COUNTYWIDE, PANEL PRINTED",2008/09/26,6000,AREA IN ZONE D,35 11 15.000,-106 20 37.500,35 09 22.500,-106 18 45.000,1549138_STUDY5
84700,35001C,1549138_161,35,001C,280,G,35001C0280G,"COUNTYWIDE, PANEL PRINTED",2008/09/26,12000,AREA IN ZONE D,35 07 30.000,-107 00 00.000,35 03 45.000,-106 56 15.000,1549138_STUDY5
84701,35001C,1549138_180,35,001C,495,G,35001C0495G,"COUNTYWIDE, NOT PRINTED",2008/09/26,12000,AREA IN ZONE D,34 56 15.000,-106 56 15.000,34 52 30.000,-106 52 30.000,1549138_STUDY5
84702,35001C,1549138_60,35,001C,55,G,35001C0055G,"COUNTYWIDE, PANEL PRINTED",2008/09/26,12000,AREA IN ZONE D,35 14 60.000,-107 00 00.000,35 11 15.000,-106 56 15.000,1549138_STUDY5
84703,35001C,1549138_127,35,001C,363,G,35001C0363G,"COUNTYWIDE, PANEL PRINTED",2008/09/26,6000,AREA IN ZONE D,35 01 52.500,-106 37 30.000,35 00 00.000,-106 35 37.500,1549138_STUDY5
84704,35001C,1549138_62,35,001C,117,G,35001C0117G,"COUNTYWIDE, PANEL PRINTED",2008/09/26,6000,AREA IN ZONE D,35 11 15.000,-106 39 22.500,35 09 22.500,-106 37 30.000,1549138_STUDY5
84705,35001C,1549138_80,35,001C,111,G,35001C0111G,"COUNTYWIDE, PANEL PRINTED",2008/09/26,6000,AREA IN ZONE D,35 11 15.000,-106 45 00.000,35 09 22.500,-106 43 07.500,1549138_STUDY5
84706,35001C,1549138_76,35,001C,94,G,35001C0094G,"COUNTYWIDE, PANEL PRINTED",2008/09/26,6000,AREA IN ZONE D,35 09 22.500,-106 46 52.500,35 07 30.000,-106 45 00.000,1549138_STUDY5
84707,35001C,1549138_38,35,001C,450,G,35001C0450G,"COUNTYWIDE, NOT PRINTED",2008/09/26,24000,AREA IN ZONE D,35 07 30.000,-106 15 00.000,35 00 00.000,-106 07 30.000,1549138_STUDY5
84708,35001C,1549138_97,35,001C,143,G,35001C0143G,"COUNTYWIDE, PANEL PRINTED",2008/09/26,6000,AREA IN ZONE D,35 09 22.500,-106 33 45.000,35 07 30.000,-106 31 52.500,1549138_STUDY5
84709,35001C,1549138_75,35,001C,90,G,35001C0090G,"COUNTYWIDE, PANEL PRINTED",2008/09/26,12000,AREA IN ZONE D,35 11 15.000,-106 52 30.000,35 07 30.000,-106 48 45.000,1549138_STUDY5
84710,35001C,1549138_102,35,001C,395,G,35001C0395G,"COUNTYWIDE, PANEL PRINTED",2008/09/26,12000,AREA IN ZONE D,35 03 45.000,-106 26 15.000,35 00 00.000,-106 22 30.000,1549138_STUDY5
84711,35001C,1549138_85,35,001C,125,G,35001C0125G,"COUNTYWIDE, NOT PRINTED",2008/09/26,24000,AREA OUTSIDE COUNTY BOUNDARY,35 15 00.000,-106 45 00.000,35 07 30.000,-106 37 30.000,1549138_STUDY5
84712,35001C,1549138_111,35,001C,376,G,35001C0376G,"COUNTYWIDE, PANEL PRINTED",2008/09/26,6000,AREA IN ZONE D,35 07 30.000,-106 30 00.000,35 05 37.500,-106 28 07.500,1549138_STUDY5
84713,35001C,1549138_133,35,001C,575,G,35001C0575G,"COUNTYWIDE, NOT PRINTED",2008/09/26,24000,AREA IN ZONE D,35 00 00.000,-106 37 30.000,34 52 30.000,-106 30 00.000,1549138_STUDY5
84714,35001C,1549138_43,35,001C,675,G,35001C0675G,"COUNTYWIDE, NOT PRINTED",2008/09/26,24000,AREA IN ZONE D,34 52 30.000,-107 07 30.000,34 45 00.000,-107 00 00.000,1549138_STUDY5
84715,35001C,1549138_56,35,001C,550,G,35001C0550G,"COUNTYWIDE, NOT PRINTED",2008/09/26,24000,AREA IN ZONE D,35 00 00.000,-106 45 00.000,34 52 30.000,-106 37 30.000,1549138_STUDY5
84716,35001C,1549138_107,35,001C,188,G,35001C0188G,"COUNTYWIDE, NOT PRINTED",2008/09/26,6000,AREA IN ZONE D,35 09 22.500,-106 22 30.000,35 07 30.000,-106 20 37.500,1549138_STUDY5
84717,35001C,1549138_122,35,001C,359,G,35001C0359G,"COUNTYWIDE, PANEL PRINTED",2008/09/26,6000,AREA IN ZONE D,35 05 37.500,-106 31 52.500,35 03 45.000,-106 30 00.000,1549138_STUDY5
84718,35001C,1549138_98,35,001C,150,G,35001C0150G,"COUNTYWIDE, NOT PRINTED",2008/09/26,24000,AREA OUTSIDE COUNTY BOUNDARY,35 15 00.000,-106 37 30.000,35 07 30.000,-106 30 00.000,1549138_STUDY5
84719,35001C,1549138_45,35,001C,725,G,35001C0725G,"COUNTYWIDE, NOT PRINTED",2008/09/26,24000,AREA IN ZONE D,34 52 30.000,-106 52 30.000,34 45 00.000,-106 45 00.000,1549138_STUDY5
84720,35001C,1549138_129,35,001C,369,G,35001C0369G,"COUNTYWIDE, NOT PRINTED",2008/09/26,6000,AREA IN ZONE D,35 01 52.500,-106 31 52.500,35 00 00.000,-106 30 00.000,1549138_STUDY5
84721,35001C,1549138_68,35,001C,403,G,35001C0403G,"COUNTYWIDE, PANEL PRINTED",2008/09/26,6000,AREA IN ZONE D,35 05 37.500,-106 22 30.000,35 03 45.000,-106 20 37.500,1549138_STUDY5
84722,35001C,1549138_42,35,001C,650,G,35001C0650G,"COUNTYWIDE, NOT PRINTED",2008/09/26,24000,AREA IN ZONE D,35 00 00.000,-106 15 00.000,34 52 30.000,-106 07 30.000,1549138_STUDY5
84723,35001C,1549138_159,35,001C,316,G,35001C0316G,"COUNTYWIDE, PANEL PRINTED",2008/09/26,6000,AREA IN ZONE D,35 03 45.000,-106 48 45.000,35 01 52.500,-106 46 52.500,1549138_STUDY5
84724,35001C,1549138_123,35,001C,356,G,35001C0356G,"COUNTYWIDE, PANEL PRINTED",2008/09/26,6000,AREA IN ZONE D,35 07 30.000,-106 33 45.000,35 05 37.500,-106 31 52.500,1549138_STUDY5
84725,35001C,1549138_96,35,001C,141,G,35001C0141G,"COUNTYWIDE, PANEL PRINTED",2008/09/26,6000,AREA IN ZONE D,35 11 15.000,-106 33 45.000,35 09 22.500,-106 31 52.500,1549138_STUDY5
84726,35001C,1549138_52,35,001C,95,G,35001C0095G,"COUNTYWIDE, PANEL PRINTED",2008/09/26,12000,AREA IN ZONE D,35 11 15.000,-106 48 45.000,35 07 30.000,-106 45 00.000,1549138_STUDY5
84727,35001C,1549138_162,35,001C,291,G,35001C0291G,"COUNTYWIDE, PANEL PRINTED",2008/09/26,6000,AREA IN ZONE D,35 03 45.000,-106 56 15.000,35 01 52.500,-106 54 22.500,1549138_STUDY5
84728,35001C,1549138_101,35,001C,163,G,35001C0163G,"COUNTYWIDE, PANEL PRINTED",2008/09/26,6000,AREA IN ZONE D,35 09 22.500,-106 30 00.000,35 07 30.000,-106 28 07.500,1549138_STUDY5
84729,35001C,1549138_61,35,001C,65,G,35001C0065G,"COUNTYWIDE, PANEL PRINTED",2008/09/26,12000,AREA IN ZONE D,35 11 15.000,-107 00 00.000,35 07 30.000,-106 56 15.000,1549138_STUDY5
84730,35001C,1549138_160,35,001C,318,G,35001C0318G,"COUNTYWIDE, NOT PRINTED",2008/09/26,6000,NO SPECIAL FLOOD HAZARD AREAS,35 01 52.500,-106 48 45.000,35 00 00.000,-106 46 52.500,1549138_STUDY5
84731,35001C,1549138_92,35,001C,136,G,35001C0136G,"COUNTYWIDE, PANEL PRINTED",2008/09/26,6000,AREA IN ZONE D,35 11 15.000,-106 37 30.000,35 09 22.500,-106 35 37.500,1549138_STUDY5
84732,35001C,1549138_108,35,001C,193,G,35001C0193G,"COUNTYWIDE, PANEL PRINTED",2008/09/26,6000,AREA IN ZONE D,35 09 22.500,-106 18 45.000,35 07 30.000,-106 16 52.500,1549138_STUDY5
84733,35001C,1549138_176,35,001C,526,G,35001C0526G,"COUNTYWIDE, PANEL PRINTED",2008/09/26,6000,AREA IN ZONE D,35 00 00.000,-106 45 00.000,34 58 07.500,-106 43 07.500,1549138_STUDY5
84734,35001C,1549138_90,35,001C,134,G,35001C0134G,"COUNTYWIDE, PANEL PRINTED",2008/09/26,6000,AREA IN ZONE D,35 13 07.500,-106 31 52.500,35 11 15.000,-106 30 00.000,1549138_STUDY5
84735,35001C,1549138_114,35,001C,383,G,35001C0383G,"COUNTYWIDE, PANEL PRINTED",2008/09/26,6000,AREA IN ZONE D,35 05 37.500,-106 26 15.000,35 03 45.000,-106 24 22.500,1549138_STUDY5
84736,35001C,1549138_130,35,001C,366,G,35001C0366G,"COUNTYWIDE, PANEL PRINTED",2008/09/26,6000,AREA IN ZONE D,35 03 45.000,-106 33 45.000,35 01 52.500,-106 31 52.500,1549138_STUDY5
84737,35001C,1549138_70,35,001C,362,G,35001C0362G,"COUNTYWIDE, PANEL PRINTED",2008/09/26,6000,AREA IN ZONE D,35 03 45.000,-106 35 37.500,35 01 52.500,-106 33 45.000,1549138_STUDY5
84738,35001C,1549138_136,35,001C,285,G,35001C0285G,"COUNTYWIDE, PANEL PRINTED",2008/09/26,12000,AREA IN ZONE D,35 07 30.000,-106 56 15.000,35 03 45.000,-106 52 30.000,1549138_STUDY5
84739,35001C,1549138_112,35,001C,378,G,35001C0378G,"COUNTYWIDE, PANEL PRINTED",2008/09/26,6000,AREA IN ZONE D,35 05 37.500,-106 30 00.000,35 03 45.000,-106 28 07.500,1549138_STUDY5
84740,35001C,1549138_84,35,001C,104,G,35001C0104G,"COUNTYWIDE, PANEL PRINTED",2008/09/26,6000,AREA IN ZONE D,35 13 07.500,-106 43 07.500,35 11 15.000,-106 41 15.000,1549138_STUDY5
84741,35001C,1549138_154,35,001C,309,G,35001C0309G,"COUNTYWIDE, PANEL PRINTED",2008/09/26,6000,AREA IN ZONE D,35 05 37.500,-106 46 52.500,35 03 45.000,-106 45 00.000,1549138_STUDY5
84742,35001C,1549138_152,35,001C,315,G,35001C0315G,"COUNTYWIDE, PANEL PRINTED",2008/09/26,12000,AREA IN ZONE D,35 03 45.000,-106 52 30.000,35 00 00.000,-106 48 45.000,1549138_STUDY5
84743,35001C,1549138_88,35,001C,129,G,35001C0129G,"COUNTYWIDE, PANEL PRINTED",2008/09/26,6000,AREA IN ZONE D,35 13 07.500,-106 35 37.500,35 11 15.000,-106 33 45.000,1549138_STUDY5
84744,35001C,1549138_177,35,001C,528,G,35001C0528G,"COUNTYWIDE, PANEL PRINTED",2008/09/26,6000,AREA IN ZONE D,34 58 07.500,-106 45 00.000,34 56 15.000,-106 43 07.500,1549138_STUDY5
84745,35001C,1549138_87,35,001C,103,G,35001C0103G,"COUNTYWIDE, PANEL PRINTED",2008/09/26,6000,AREA IN ZONE D,35 13 07.500,-106 45 00.000,35 11 15.000,-106 43 07.500,1549138_STUDY5
84746,35001C,1549138_155,35,001C,306,G,35001C0306G,"COUNTYWIDE, NOT PRINTED",2008/09/26,6000,NO SPECIAL FLOOD HAZARD AREAS,35 07 30.000,-106 48 45.000,35 05 37.500,-106 46 52.500,1549138_STUDY5
84747,35001C,1549138_118,35,001C,390,G,35001C0390G,"COUNTYWIDE, NOT PRINTED",2008/09/26,12000,AREA IN ZONE D,35 03 45.000,-106 30 00.000,35 00 00.000,-106 26 15.000,1549138_STUDY5
84748,35001C,1549138_169,35,001C,535,G,35001C0535G,"COUNTYWIDE, PANEL PRINTED",2008/09/26,12000,AREA IN ZONE D,35 00 00.000,-106 41 15.000,34 56 15.000,-106 37 30.000,1549138_STUDY5
84749,35001C,1549138_117,35,001C,175,G,35001C0175G,"COUNTYWIDE, NOT PRINTED",2008/09/26,24000,AREA IN ZONE D,35 15 00.000,-106 30 00.000,35 07 30.000,-106 22 30.000,1549138_STUDY5
84750,35001C,1549138_113,35,001C,384,G,35001C0384G,"COUNTYWIDE, PANEL PRINTED",2008/09/26,6000,AREA IN ZONE D,35 05 37.500,-106 24 22.500,35 03 45.000,-106 22 30.000,1549138_STUDY5
84751,35001C,1549138_170,35,001C,520,G,35001C0520G,"COUNTYWIDE, NOT PRINTED",2008/09/26,12000,AREA IN ZONE D,34 56 15.000,-106 48 45.000,34 52 30.000,-106 45 00.000,1549138_STUDY5
84752,35001C,1549138_128,35,001C,367,G,35001C0367G,"COUNTYWIDE, PANEL PRINTED",2008/09/26,6000,AREA IN ZONE D,35 03 45.000,-106 31 52.500,35 01 52.500,-106 30 00.000,1549138_STUDY5
84753,35001C,1549138_71,35,001C,337,G,35001C0337G,"COUNTYWIDE, PANEL PRINTED",2008/09/26,6000,AREA IN ZONE D,35 03 45.000,-106 43 07.500,35 01 52.500,-106 41 15.000,1549138_STUDY5
84754,35001C,1549138_58,35,001C,60,G,35001C0060G,"COUNTYWIDE, PANEL PRINTED",2008/09/26,12000,AREA IN ZONE D,35 15 00.000,-106 56 15.000,35 11 15.000,-106 52 30.000,1549138_STUDY5
84755,35001C,1549138_181,35,001C,480,G,35001C0480G,"COUNTYWIDE, PANEL PRINTED",2008/09/26,12000,AREA IN ZONE D,35 00 00.000,-107 00 00.000,34 56 15.000,-106 56 15.000,1549138_STUDY5
84756,35001C,1549138_126,35,001C,361,G,35001C0361G,"COUNTYWIDE, PANEL PRINTED",2008/09/26,6000,AREA IN ZONE D,35 03 45.000,-106 37 30.000,35 01 52.500,-106 35 37.500,1549138_STUDY5
84757,35001C,1549138_148,35,001C,342,G,35001C0342G,"COUNTYWIDE, PANEL PRINTED",2008/09/26,6000,AREA IN ZONE D,35 03 45.000,-106 39 22.500,35 01 52.500,-106 37 30.000,1549138_STUDY5
84758,35001C,1549138_59,35,001C,70,G,35001C0070G,"COUNTYWIDE, PANEL PRINTED",2008/09/26,12000,AREA IN ZONE D,35 11 15.000,-106 56 15.000,35 07 30.000,-106 52 30.000,1549138_STUDY5
84759,35001C,1549138_157,35,001C,317,G,35001C0317G,"COUNTYWIDE, PANEL PRINTED",2008/09/26,6000,AREA IN ZONE D,35 03 45.000,-106 46 52.400,35 01 52.500,-106 45 00.000,1549138_STUDY5
84760,35001C,1549138_139,35,001C,329,G,35001C0329G,"COUNTYWIDE, PANEL PRINTED",2008/09/26,6000,AREA IN ZONE D,35 05 37.500,-106 43 07.500,35 03 45.000,-106 41 15.000,1549138_STUDY5
84761,35001C,1549138_53,35,001C,385,G,35001C0385G,"COUNTYWIDE, NOT PRINTED",2008/09/26,12000,AREA IN ZONE D,35 07 30.000,-106 26 15.000,35 03 45.000,-106 22 30.000,1549138_STUDY5
84762,35001C,1549138_82,35,001C,109,G,35001C0109G,"COUNTYWIDE, PANEL PRINTED",2008/09/26,6000,AREA IN ZONE D,35 13 07.500,-106 39 22.500,35 11 15.000,-106 37 30.000,1549138_STUDY5
84763,35001C,1549138_146,35,001C,336,G,35001C0336G,"COUNTYWIDE, PANEL PRINTED",2008/09/26,6000,AREA IN ZONE D,35 03 45.000,-106 45 00.000,35 01 52.500,-106 43 07.500,1549138_STUDY5
84764,35001C,1549138_131,35,001C,368,G,35001C0368G,"COUNTYWIDE, NOT PRINTED",2008/09/26,6000,AREA IN ZONE D,35 01 52.500,-106 33 45.000,35 00 00.000,-106 31 52.500,1549138_STUDY5
84765,35001C,1549138_166,35,001C,290,G,35001C0290G,"COUNTYWIDE, PANEL PRINTED",2008/09/26,12000,AREA IN ZONE D,35 03 45.000,-107 00 00.000,35 00 00.000,-106 56 15.000,1549138_STUDY5
84766,35001C,1549138_171,35,001C,505,G,35001C0505G,"COUNTYWIDE, PANEL PRINTED",2008/09/26,12000,AREA IN ZONE D,34 59 60.000,-106 52 30.000,34 56 15.000,-106 48 45.000,1549138_STUDY5
84767,35001C,1549138_36,35,001C,250,G,35001C0250G,"COUNTYWIDE, NOT PRINTED",2008/09/26,24000,AREA IN ZONE D,35 07 30.000,-107 15 00.000,35 00 00.000,-107 07 30.000,1549138_STUDY5
84768,35001C,1549138_48,35,001C,800,G,35001C0800G,"COUNTYWIDE, NOT PRINTED",2008/09/26,24000,AREA IN ZONE D,34 52 30.000,-106 22 30.000,34 45 00.000,-106 15 00.000,1549138_STUDY5
84769,35001C,1549138_158,35,001C,319,G,35001C0319G,"COUNTYWIDE, PANEL PRINTED",2008/09/26,6000,AREA IN ZONE D,35 01 52.500,-106 46 52.500,35 00 00.000,-106 45 00.000,1549138_STUDY5
84770,35001C,1549138_140,35,001C,326,G,35001C0326G,"COUNTYWIDE, PANEL PRINTED",2008/09/26,6000,AREA IN ZONE D,35 07 30.000,-106 45 00.000,35 05 37.500,-106 43 07.500,1549138_STUDY5
84771,35001C,1549138_73,35,001C,85,G,35001C0085G,"COUNTYWIDE, PANEL PRINTED",2008/09/26,12000,AREA IN ZONE D,35 15 00.000,-106 48 45.000,35 11 15.000,-106 45 00.000,1549138_STUDY5
84772,35001C,1549138_57,35,001C,30,G,35001C0030G,"COUNTYWIDE, PANEL PRINTED",2008/09/26,12000,AREA IN ZONE D,35 15 00.000,-107 07 30.000,35 11 15.000,-107 03 45.000,1549138_STUDY5
84773,35001C,1549138_81,35,001C,113,G,35001C0113G,"COUNTYWIDE, PANEL PRINTED",2008/09/26,6000,AREA IN ZONE D,35 09 22.500,-106 45 00.000,35 07 30.000,-106 43 07.500,1549138_STUDY5
84774,35001C,1549138_44,35,001C,700,G,35001C0700G,"COUNTYWIDE, NOT PRINTED",2008/09/26,24000,AREA IN ZONE D,34 52 30.000,-107 00 00.000,34 45 00.000,-106 52 30.000,1549138_STUDY5
84775,35001C,1549138_164,35,001C,287,G,35001C0287G,"COUNTYWIDE, PANEL PRINTED",2008/09/26,6000,AREA IN ZONE D,35 03 45.000,-106 58 07.500,35 01 52.500,-106 56 15.000,1549138_STUDY5
84776,35001C,1549138_178,35,001C,507,G,35001C0507G,"COUNTYWIDE, PANEL PRINTED",2008/09/26,6000,AREA IN ZONE D,35 00 00.000,-106 46 52.500,34 58 07.500,-106 45 00.000,1549138_STUDY5
84777,35001C,1549138_134,35,001C,339,G,35001C0339G,"COUNTYWIDE, PANEL PRINTED",2008/09/26,6000,AREA IN ZONE D,35 01 52.500,-106 43 07.500,35 00 00.000,-106 41 15.000,1549138_STUDY5
84778,35001C,1549138_83,35,001C,108,G,35001C0108G,"COUNTYWIDE, PANEL PRINTED",2008/09/26,6000,AREA IN ZONE D,35 13 07.500,-106 41 15.000,35 11 15.000,-106 39 22.500,1549138_STUDY5
84779,35001C,1549138_167,35,001C,531,G,35001C0531G,"COUNTYWIDE, PANEL PRINTED",2008/09/26,6000,AREA IN ZONE D,35 00 00.000,-106 41 15.000,34 58 07.500,-106 39 22.500,1549138_STUDY5
84780,35001C,1549138_165,35,001C,289,G,35001C0289G,"COUNTYWIDE, PANEL PRINTED",2008/09/26,6000,AREA IN ZONE D,35 01 52.500,-106 58 07.500,35 00 00.000,-106 56 15.000,1549138_STUDY5
84781,35001C,1549138_99,35,001C,153,G,35001C0153G,"COUNTYWIDE, PANEL PRINTED",2008/09/26,6000,AREA IN ZONE D,35 13 07.500,-106 30 00.000,35 11 15.000,-106 28 07.500,1549138_STUDY5
84782,35001C,1549138_168,35,001C,533,G,35001C0533G,"COUNTYWIDE, PANEL PRINTED",2008/09/26,6000,AREA IN ZONE D,34 58 07.500,-106 41 15.000,34 56 15.000,-106 39 22.500,1549138_STUDY5
84783,35001C,1549138_172,35,001C,515,G,35001C0515G,"COUNTYWIDE, NOT PRINTED",2008/09/26,12000,AREA IN ZONE D,34 56 15.000,-106 52 30.000,34 52 30.000,-106 48 45.000,1549138_STUDY5
84784,35001C,1549138_132,35,001C,555,G,35001C0555G,"COUNTYWIDE, PANEL PRINTED",2008/09/26,12000,AREA IN ZONE D,34 59 60.000,-106 37 30.000,34 56 15.000,-106 33 45.000,1549138_STUDY5
84785,35001C,1549138_125,35,001C,364,G,35001C0364G,"COUNTYWIDE, PANEL PRINTED",2008/09/26,6000,AREA IN ZONE D,35 01 52.500,-106 35 37.500,35 00 00.000,-106 33 45.000,1549138_STUDY5
84786,35001C,1549138_137,35,001C,294,G,35001C0294G,"COUNTYWIDE, PANEL PRINTED",2008/09/26,6000,AREA IN ZONE D,35 01 52.500,-106 54 22.500,35 00 00.000,-106 52 30.000,1549138_STUDY5
84787,35001C,1549138_86,35,001C,139,G,35001C0139G,"COUNTYWIDE, PANEL PRINTED",2008/09/26,6000,AREA IN ZONE D,35 09 22.500,-106 35 37.500,35 07 30.000,-106 33 45.000,1549138_STUDY5
87143,35025C,1555572_93,35,025C,1900,D,35025C1900D,"COUNTYWIDE, NOT PRINTED",2008/12/16,24000,AREA IN ZONE D,32 15 00.000,103 37 30.000,32 07 30.000,103 30 00.000,1555572_STUDY1
87144,35025C,1555572_50,35,025C,2125,D,35025C2125D,"COUNTYWIDE, NOT PRINTED",2008/12/16,24000,AREA IN ZONE D,32 03 45.000,103 15 00.000,32 00 00.000,103 07 30.000,1555572_STUDY1
87145,35025C,1555572_8,35,025C,525,D,35025C0525D,"COUNTYWIDE, NOT PRINTED",2008/12/16,24000,AREA IN ZONE D,33 15 00.000,103 52 30.000,33 07 30.000,103 45 00.000,1555572_STUDY1
87146,35025C,1555572_3,35,025C,375,D,35025C0375D,"COUNTYWIDE, NOT PRINTED",2008/12/16,24000,AREA IN ZONE D,33 22 30.000,103 45 00.000,33 15 00.000,103 37 30.000,1555572_STUDY1
87147,35025C,1555572_88,35,025C,1775,D,35025C1775D,"COUNTYWIDE, NOT PRINTED",2008/12/16,24000,AREA IN ZONE D,32 22 30.000,103 30 00.000,32 15 00.000,103 22 30.000,1555572_STUDY1
87148,35025C,1555572_86,35,025C,1400,D,35025C1400D,"COUNTYWIDE, NOT PRINTED",2008/12/16,24000,AREA IN ZONE D,32 37 30.000,103 52 30.000,32 30 00.000,103 45 00.000,1555572_STUDY1
87149,35025C,1555572_2,35,025C,350,D,35025C0350D,"COUNTYWIDE, NOT PRINTED",2008/12/16,24000,AREA IN ZONE D,33 22 30.000,103 52 30.000,33 15 00.000,103 45 00.000,1555572_STUDY1
87150,35025C,1555572_95,35,025C,1950,D,35025C1950D,"COUNTYWIDE, NOT PRINTED",2008/12/16,24000,AREA IN ZONE D,32 15 00.000,103 22 30.000,32 07 30.000,103 15 00.000,1555572_STUDY1
87151,35025C,1555572_79,35,025C,1150,D,35025C1150D,"COUNTYWIDE, NOT PRINTED",2008/12/16,24000,AREA IN ZONE D,32 52 30.000,103 22 30.000,32 45 00.000,103 15 00.000,1555572_STUDY1
87152,35025C,1555572_13,35,025C,650,D,35025C0650D,"COUNTYWIDE, NOT PRINTED",2008/12/16,24000,AREA IN ZONE D,33 15 00.000,103 15 00.000,33 07 30.000,103 07 30.000,1555572_STUDY1
87153,35025C,1555572_5,35,025C,425,D,35025C0425D,"COUNTYWIDE, NOT PRINTED",2008/12/16,24000,AREA IN ZONE D,33 22 30.000,103 30 00.000,33 15 00.000,103 22 30.000,1555572_STUDY1
87154,35025C,1555572_38,35,025C,1175,D,35025C1175D,"COUNTYWIDE, NOT PRINTED",2008/12/16,24000,AREA IN ZONE D,32 52 30.000,103 15 00.000,32 48 45.000,103 07 30.000,1555572_STUDY1
87155,35025C,1555572_67,35,025C,125,D,35025C0125D,"COUNTYWIDE, NOT PRINTED",2008/12/16,24000,AREA IN ZONE D,33 37 30.000,103 15 00.000,33 30 00.000,103 07 30.000,1555572_STUDY1
87156,35025C,1555572_30,35,025C,440,D,35025C0440D,"COUNTYWIDE, PANEL PRINTED",2008/12/16,12000,AREA IN ZONE D,33 18 45.000,103 22 30.000,33 15 00.000,103 18 45.000,1555572_STUDY1
87157,35025C,1555572_44,35,025C,1660,D,35025C1660D,"COUNTYWIDE, NOT PRINTED",2008/12/16,12000,AREA IN ZONE D,32 30 00.000,103 11 15.000,32 26 15.000,103 07 30.000,1555572_STUDY1
87158,35025C,1555572_34,35,025C,965,D,35025C0965D,"COUNTYWIDE, PANEL PRINTED",2008/12/16,12000,AREA IN ZONE D,32 56 15.000,103 22 30.000,32 52 30.000,103 18 45.000,1555572_STUDY1
87159,35025C,1555572_12,35,025C,625,D,35025C0625D,"COUNTYWIDE, NOT PRINTED",2008/12/16,24000,AREA IN ZONE D,33 15 00.000,103 22 30.000,33 07 30.000,103 15 00.000,1555572_STUDY1
87160,35025C,1555572_57,35,025C,875,D,35025C0875D,"COUNTYWIDE, NOT PRINTED",2008/12/16,24000,AREA IN ZONE D,33 00 00.000,103 52 30.000,32 52 30.000,103 45 00.000,1555572_STUDY1
87161,35025C,1555572_97,35,025C,2000,D,35025C2000D,"COUNTYWIDE, NOT PRINTED",2008/12/16,24000,AREA IN ZONE D,32 15 00.000,103 07 30.000,32 07 30.000,103 00 00.000,1555572_STUDY1
87162,35025C,1555572_28,35,025C,2100,D,35025C2100D,"COUNTYWIDE, NOT PRINTED",2008/12/16,24000,AREA IN ZONE D,32 07 30.000,103 22 30.000,32 00 00.000,103 15 00.000,1555572_STUDY1
87163,35025C,1555572_68,35,025C,150,D,35025C0150D,"COUNTYWIDE, NOT PRINTED",2008/12/16,24000,AREA IN ZONE D,33 37 30.000,103 07 30.000,33 30 00.000,103 00 00.000,1555572_STUDY1
87164,35025C,1555572_65,35,025C,75,D,35025C0075D,"COUNTYWIDE, NOT PRINTED",2008/12/16,24000,AREA IN ZONE D,33 37 30.000,103 30 00.000,33 30 00.000,103 22 30.000,1555572_STUDY1
87165,35025C,1555572_40,35,025C,1345,D,35025C1345D,"COUNTYWIDE, PANEL PRINTED",2008/12/16,12000,AREA IN ZONE D,32 41 15.000,103 11 15.000,32 37 30.000,103 07 30.000,1555572_STUDY1
87166,35025C,1555572_33,35,025C,955,D,35025C0955D,"COUNTYWIDE, PANEL PRINTED",2008/12/16,12000,AREA IN ZONE D,33 00 00.000,103 22 30.000,32 56 15.000,103 18 45.000,1555572_STUDY1
87167,35025C,1555572_80,35,025C,1200,D,35025C1200D,"COUNTYWIDE, PANEL PRINTED",2008/12/16,24000,AREA IN ZONE D,32 52 30.000,103 07 30.000,32 45 00.000,103 00 00.000,1555572_STUDY1
87168,35025C,1555572_74,35,025C,300,D,35025C0300D,"COUNTYWIDE, NOT PRINTED",2008/12/16,24000,AREA IN ZONE D,33 30 00.000,103 15 00.000,33 22 30.000,103 07 30.000,1555572_STUDY1
87169,35025C,1555572_27,35,025C,1750,D,35025C1750D,"COUNTYWIDE, NOT PRINTED",2008/12/16,24000,AREA IN ZONE D,32 22 30.000,103 37 30.000,32 15 00.000,103 30 00.000,1555572_STUDY1
87170,35025C,1555572_99,35,025C,2050,D,35025C2050D,"COUNTYWIDE, NOT PRINTED",2008/12/16,24000,AREA IN ZONE D,32 07 30.000,103 37 30.000,32 00 00.000,103 30 00.000,1555572_STUDY1
87171,35025C,1555572_49,35,025C,2105,D,35025C2105D,"COUNTYWIDE, NOT PRINTED",2008/12/16,12000,AREA IN ZONE D,32 07 30.000,103 15 00.000,32 03 45.000,103 11 15.000,1555572_STUDY1
87172,35025C,1555572_36,35,025C,1165,D,35025C1165D,"COUNTYWIDE, PANEL PRINTED",2008/12/16,12000,AREA IN ZONE D,32 48 45.000,103 15 00.000,32 45 00.000,103 11 15.000,1555572_STUDY1
87173,35025C,1555572_100,35,025C,2075,D,35025C2075D,"COUNTYWIDE, NOT PRINTED",2008/12/16,24000,AREA IN ZONE D,32 07 30.000,103 30 00.000,32 00 00.000,103 22 30.000,1555572_STUDY1
87174,35025C,1555572_7,35,025C,500,D,35025C0500D,"COUNTYWIDE, NOT PRINTED",2008/12/16,24000,AREA IN ZONE D,33 22 30.000,103 07 30.000,33 15 00.000,103 00 00.000,1555572_STUDY1
87175,35025C,1555572_46,35,025C,1675,D,35025C1675D,"COUNTYWIDE, NOT PRINTED",2008/12/16,24000,AREA IN ZONE D,32 30 00.000,103 15 00.000,32 22 30.000,103 11 15.000,1555572_STUDY1
87176,35025C,1555572_96,35,025C,1975,D,35025C1975D,"COUNTYWIDE, NOT PRINTED",2008/12/16,24000,AREA IN ZONE D,32 15 00.000,103 15 00.000,32 07 30.000,103 07 30.000,1555572_STUDY1
87177,35025C,1555572_62,35,025C,1025,D,35025C1025D,"COUNTYWIDE, NOT PRINTED",2008/12/16,24000,AREA IN ZONE D,33 00 00.000,103 07 30.000,32 52 30.000,103 00 00.000,1555572_STUDY1
87178,35025C,1555572_47,35,025C,2102,D,35025C2102D,"COUNTYWIDE, PANEL PRINTED",2008/12/16,6000,AREA IN ZONE D,32 07 30.000,103 13 07.500,32 05 37.500,103 11 15.000,1555572_STUDY1
87179,35025C,1555572_55,35,025C,825,D,35025C0825D,"COUNTYWIDE, NOT PRINTED",2008/12/16,24000,AREA IN ZONE D,33 07 30.000,103 15 00.000,33 00 00.000,103 07 30.000,1555572_STUDY1
87180,35025C,1555572_85,35,025C,1325,D,35025C1325D,"COUNTYWIDE, NOT PRINTED",2008/12/16,24000,AREA IN ZONE D,32 45 00.000,103 22 30.000,32 37 30.000,103 15 00.000,1555572_STUDY1
87181,35025C,1555572_15,35,025C,700,D,35025C0700D,"COUNTYWIDE, NOT PRINTED",2008/12/16,24000,AREA IN ZONE D,33 07 30.000,103 52 30.000,33 00 00.000,103 45 00.000,1555572_STUDY1
87182,35025C,1555572_73,35,025C,275,D,35025C0275D,"COUNTYWIDE, NOT PRINTED",2008/12/16,24000,AREA IN ZONE D,33 30 00.000,103 22 30.000,33 22 30.000,103 15 00.000,1555572_STUDY1
87183,35025C,1555572_18,35,025C,1500,D,35025C1500D,"COUNTYWIDE, NOT PRINTED",2008/12/16,24000,AREA IN ZONE D,32 37 30.000,103 22 30.000,32 30 00.000,103 15 00.000,1555572_STUDY1
87184,35025C,1555572_19,35,025C,1525,D,35025C1525D,"COUNTYWIDE, NOT PRINTED",2008/12/16,24000,AREA IN ZONE D,32 37 30.000,103 15 00.000,32 30 00.000,103 07 30.000,1555572_STUDY1
87185,35025C,1555572_63,35,025C,25,D,35025C0025D,"COUNTYWIDE, NOT PRINTED",2008/12/16,24000,AREA IN ZONE D,33 37 30.000,103 45 00.000,33 30 00.000,103 37 30.000,1555572_STUDY1
87186,35025C,1555572_89,35,025C,1800,D,35025C1800D,"COUNTYWIDE, NOT PRINTED",2008/12/16,24000,AREA IN ZONE D,32 22 30.000,103 22 30.000,32 15 00.000,103 15 00.000,1555572_STUDY1
87187,35025C,1555572_6,35,025C,475,D,35025C0475D,"COUNTYWIDE, NOT PRINTED",2008/12/16,24000,AREA IN ZONE D,33 22 30.000,103 15 00.000,33 15 00.000,103 07 30.000,1555572_STUDY1
87188,35025C,1555572_75,35,025C,1050,D,35025C1050D,"COUNTYWIDE, NOT PRINTED",2008/12/16,24000,AREA IN ZONE D,32 52 30.000,103 52 30.000,32 45 00.000,103 45 00.000,1555572_STUDY1
87189,35025C,1555572_54,35,025C,800,D,35025C0800D,"COUNTYWIDE, NOT PRINTED",2008/12/16,24000,AREA IN ZONE D,33 07 30.000,103 22 30.000,33 00 00.000,103 15 00.000,1555572_STUDY1
87190,35025C,1555572_45,35,025C,1670,D,35025C1670D,"COUNTYWIDE, PANEL PRINTED",2008/12/16,12000,AREA IN ZONE D,32 26 15.000,103 11 15.000,32 22 30.000,103 07 30.000,1555572_STUDY1
87191,35025C,1555572_81,35,025C,1225,D,35025C1225D,"COUNTYWIDE, NOT PRINTED",2008/12/16,24000,AREA IN ZONE D,32 45 00.000,103 52 30.000,32 37 30.000,103 45 00.000,1555572_STUDY1
87192,35025C,1555572_66,35,025C,100,D,35025C0100D,"COUNTYWIDE, NOT PRINTED",2008/12/16,24000,AREA IN ZONE D,33 37 30.000,103 22 30.000,33 30 00.000,103 15 00.000,1555572_STUDY1
87193,35025C,1555572_14,35,025C,675,D,35025C0675D,"COUNTYWIDE, NOT PRINTED",2008/12/16,24000,AREA IN ZONE D,33 15 00.000,103 07 30.000,33 07 30.000,103 00 00.000,1555572_STUDY1
87194,35025C,1555572_26,35,025C,1725,D,35025C1725D,"COUNTYWIDE, NOT PRINTED",2008/12/16,24000,AREA IN ZONE D,32 22 30.000,103 45 00.000,32 15 00.000,103 37 30.000,1555572_STUDY1
87195,35025C,1555572_31,35,025C,445,D,35025C0445D,"COUNTYWIDE, PANEL PRINTED",2008/12/16,12000,AREA IN ZONE D,33 18 45.000,103 18 45.000,33 15 00.000,103 15 00.000,1555572_STUDY1
87196,35025C,1555572_35,35,025C,975,D,35025C0975D,"COUNTYWIDE, NOT PRINTED",2008/12/16,24000,AREA IN ZONE D,33 00 00.000,103 18 45.000,32 52 30.000,103 15 00.000,1555572_STUDY1
87197,35025C,1555572_11,35,025C,600,D,35025C0600D,"COUNTYWIDE, NOT PRINTED",2008/12/16,24000,AREA IN ZONE D,33 15 00.000,103 30 00.000,33 07 30.000,103 22 30.000,1555572_STUDY1
87198,35025C,1555572_64,35,025C,50,D,35025C0050D,"COUNTYWIDE, NOT PRINTED",2008/12/16,24000,AREA IN ZONE D,33 37 30.000,103 37 30.000,33 30 00.000,103 30 00.000,1555572_STUDY1
87199,35025C,1555572_87,35,025C,1425,D,35025C1425D,"COUNTYWIDE, NOT PRINTED",2008/12/16,24000,AREA IN ZONE D,32 37 30.000,103 45 00.000,32 30 00.000,103 37 30.000,1555572_STUDY1
87200,35025C,1555572_98,35,025C,2025,D,35025C2025D,"COUNTYWIDE, NOT PRINTED",2008/12/16,24000,AREA IN ZONE D,32 07 30.000,103 45 00.000,32 00 00.000,103 37 30.000,1555572_STUDY1
87201,35025C,1555572_52,35,025C,750,D,35025C0750D,"COUNTYWIDE, NOT PRINTED",2008/12/16,24000,AREA IN ZONE D,33 07 30.000,103 37 30.000,33 00 00.000,103 30 00.000,1555572_STUDY1
87202,35025C,1555572_77,35,025C,1100,D,35025C1100D,"COUNTYWIDE, NOT PRINTED",2008/12/16,24000,AREA IN ZONE D,32 52 30.000,103 37 30.000,32 45 00.000,103 30 00.000,1555572_STUDY1
87203,35025C,1555572_78,35,025C,1125,D,35025C1125D,"COUNTYWIDE, NOT PRINTED",2008/12/16,24000,AREA IN ZONE D,32 52 30.000,103 30 00.000,32 45 00.000,103 22 30.000,1555572_STUDY1
87204,35025C,1555572_20,35,025C,1550,D,35025C1550D,"COUNTYWIDE, NOT PRINTED",2008/12/16,24000,AREA IN ZONE D,32 37 30.000,103 07 30.000,32 30 00.000,103 00 00.000,1555572_STUDY1
87205,35025C,1555572_25,35,025C,1700,D,35025C1700D,"COUNTYWIDE, NOT PRINTED",2008/12/16,24000,AREA IN ZONE D,32 30 00.000,103 07 30.000,32 22 30.000,103 00 00.000,1555572_STUDY1
87206,35025C,1555572_72,35,025C,250,D,35025C0250D,"COUNTYWIDE, NOT PRINTED",2008/12/16,24000,AREA IN ZONE D,33 30 00.000,103 30 00.000,33 22 30.000,103 22 30.000,1555572_STUDY1
87207,35025C,1555572_23,35,025C,1625,D,35025C1625D,"COUNTYWIDE, NOT PRINTED",2008/12/16,24000,AREA IN ZONE D,32 30 00.000,103 30 00.000,32 22 30.000,103 22 30.000,1555572_STUDY1
87208,35025C,1555572_43,35,025C,1350,D,35025C1350D,"COUNTYWIDE, NOT PRINTED",2008/12/16,24000,AREA IN ZONE D,32 45 00.000,103 15 00.000,32 37 30.000,103 11 15.000,1555572_STUDY1
87209,35025C,1555572_1,35,025C,325,D,35025C0325D,"COUNTYWIDE, NOT PRINTED",2008/12/16,24000,AREA IN ZONE D,33 30 00.000,103 07 30.000,33 22 30.000,103 00 00.000,1555572_STUDY1
87210,35025C,1555572_9,35,025C,550,D,35025C0550D,"COUNTYWIDE, NOT PRINTED",2008/12/16,24000,AREA IN ZONE D,33 15 00.000,103 45 00.000,33 07 30.000,103 37 30.000,1555572_STUDY1
87211,35025C,1555572_16,35,025C,1450,D,35025C1450D,"COUNTYWIDE, NOT PRINTED",2008/12/16,24000,AREA IN ZONE D,32 37 30.000,103 37 30.000,32 30 00.000,103 30 00.000,1555572_STUDY1
87212,35025C,1555572_39,35,025C,1335,D,35025C1335D,"COUNTYWIDE, PANEL PRINTED",2008/12/16,12000,AREA IN ZONE D,32 45 00.000,103 11 15.000,32 41 15.000,103 07 30.000,1555572_STUDY1
87213,35025C,1555572_61,35,025C,1000,D,35025C1000D,"COUNTYWIDE, NOT PRINTED",2008/12/16,24000,AREA IN ZONE D,33 00 00.000,103 15 00.000,32 52 30.000,103 07 30.000,1555572_STUDY1
87214,35025C,1555572_21,35,025C,1575,D,35025C1575D,"COUNTYWIDE, NOT PRINTED",2008/12/16,24000,AREA IN ZONE D,32 30 00.000,103 45 00.000,32 22 30.000,103 37 30.000,1555572_STUDY1
87215,35025C,1555572_24,35,025C,1650,D,35025C1650D,"COUNTYWIDE, NOT PRINTED",2008/12/16,24000,AREA IN ZONE D,32 30 00.000,103 22 30.000,32 22 30.000,103 15 00.000,1555572_STUDY1
87216,35025C,1555572_92,35,025C,1875,D,35025C1875D,"COUNTYWIDE, NOT PRINTED",2008/12/16,24000,AREA IN ZONE D,32 15 00.000,103 45 00.000,32 07 30.000,103 37 30.000,1555572_STUDY1
87217,35025C,1555572_60,35,025C,950,D,35025C0950D,"COUNTYWIDE, NOT PRINTED",2008/12/16,24000,AREA IN ZONE D,33 00 00.000,103 30 00.000,32 52 30.000,103 22 30.000,1555572_STUDY1
87218,35025C,1555572_59,35,025C,925,D,35025C0925D,"COUNTYWIDE, NOT PRINTED",2008/12/16,24000,AREA IN ZONE D,33 00 00.000,103 37 30.000,32 52 30.000,103 30 00.000,1555572_STUDY1
87219,35025C,1555572_48,35,025C,2110,D,35025C2110D,"COUNTYWIDE, NOT PRINTED",2008/12/16,12000,AREA IN ZONE D,32 07 30.000,103 11 15.000,32 03 45.000,103 07 30.000,1555572_STUDY1
87220,35025C,1555572_94,35,025C,1925,D,35025C1925D,"COUNTYWIDE, NOT PRINTED",2008/12/16,24000,AREA IN ZONE D,32 15 00.000,103 30 00.000,32 07 30.000,103 22 30.000,1555572_STUDY1
87221,35025C,1555572_17,35,025C,1475,D,35025C1475D,"COUNTYWIDE, NOT PRINTED",2008/12/16,24000,AREA IN ZONE D,32 37 30.000,103 30 00.000,32 30 00.000,103 22 30.000,1555572_STUDY1
87222,35025C,1555572_42,35,025C,1365,D,35025C1365D,"COUNTYWIDE, PANEL PRINTED",2008/12/16,12000,AREA IN ZONE D,32 41 15.000,103 07 30.000,32 37 30.000,103 03 45.000,1555572_STUDY1
87223,35025C,1555572_83,35,025C,1275,D,35025C1275D,"COUNTYWIDE, NOT PRINTED",2008/12/16,24000,AREA IN ZONE D,32 45 00.000,103 37 30.000,32 37 30.000,103 30 00.000,1555572_STUDY1
87224,35025C,1555572_71,35,025C,225,D,35025C0225D,"COUNTYWIDE, NOT PRINTED",2008/12/16,24000,AREA IN ZONE D,33 30 00.000,103 37 30.000,33 22 30.000,103 30 00.000,1555572_STUDY1
87225,35025C,1555572_37,35,025C,1170,D,35025C1170D,"COUNTYWIDE, PANEL PRINTED",2008/12/16,12000,AREA IN ZONE D,32 48 45.000,103 11 15.000,32 45 00.000,103 07 30.000,1555572_STUDY1
87226,35025C,1555572_84,35,025C,1300,D,35025C1300D,"COUNTYWIDE, NOT PRINTED",2008/12/16,24000,AREA IN ZONE D,32 45 00.000,103 30 00.000,32 37 30.000,103 22 30.000,1555572_STUDY1
87227,35025C,1555572_69,35,025C,175,D,35025C0175D,"COUNTYWIDE, NOT PRINTED",2008/12/16,24000,AREA IN ZONE D,33 30 00.000,103 52 30.000,33 22 30.000,103 45 00.000,1555572_STUDY1
87228,35025C,1555572_53,35,025C,775,D,35025C0775D,"COUNTYWIDE, NOT PRINTED",2008/12/16,24000,AREA IN ZONE D,33 07 30.000,103 30 00.000,33 00 00.000,103 22 30.000,1555572_STUDY1
87229,35025C,1555572_32,35,025C,450,D,35025C0450D,"COUNTYWIDE, NOT PRINTED",2008/12/16,24000,AREA IN ZONE D,33 22 30.000,103 22 30.000,33 18 45.000,103 15 00.000,1555572_STUDY1
87230,35025C,1555572_91,35,025C,1850,D,35025C1850D,"COUNTYWIDE, NOT PRINTED",2008/12/16,24000,AREA IN ZONE D,32 22 30.000,103 07 30.000,32 15 00.000,103 00 00.000,1555572_STUDY1
87231,35025C,1555572_58,35,025C,900,D,35025C0900D,"COUNTYWIDE, NOT PRINTED",2008/12/16,24000,AREA IN ZONE D,33 00 00.000,103 45 00.000,32 52 30.000,103 37 30.000,1555572_STUDY1
87232,35025C,1555572_76,35,025C,1075,D,35025C1075D,"COUNTYWIDE, NOT PRINTED",2008/12/16,24000,AREA IN ZONE D,32 52 30.000,103 45 00.000,32 45 00.000,103 37 30.000,1555572_STUDY1
87233,35025C,1555572_90,35,025C,1825,D,35025C1825D,"COUNTYWIDE, NOT PRINTED",2008/12/16,24000,AREA IN ZONE D,32 22 30.000,103 15 00.000,32 15 00.000,103 07 30.000,1555572_STUDY1
87234,35025C,1555572_10,35,025C,575,D,35025C0575D,"COUNTYWIDE, NOT PRINTED",2008/12/16,24000,AREA IN ZONE D,33 15 00.000,103 37 30.000,33 07 30.000,103 30 00.000,1555572_STUDY1
87235,35025C,1555572_22,35,025C,1600,D,35025C1600D,"COUNTYWIDE, NOT PRINTED",2008/12/16,24000,AREA IN ZONE D,32 30 00.000,103 37 30.000,32 22 30.000,103 30 00.000,1555572_STUDY1
87236,35025C,1555572_41,35,025C,1355,D,35025C1355D,"COUNTYWIDE, PANEL PRINTED",2008/12/16,12000,AREA IN ZONE D,32 45 00.000,103 07 30.000,32 41 15.000,103 03 45.000,1555572_STUDY1
87237,35025C,1555572_51,35,025C,725,D,35025C0725D,"COUNTYWIDE, NOT PRINTED",2008/12/16,24000,AREA IN ZONE D,33 07 30.000,103 45 00.000,33 00 00.000,103 37 30.000,1555572_STUDY1
87238,35025C,1555572_82,35,025C,1250,D,35025C1250D,"COUNTYWIDE, NOT PRINTED",2008/12/16,24000,AREA IN ZONE D,32 45 00.000,103 45 00.000,32 37 30.000,103 37 30.000,1555572_STUDY1
87239,35025C,1555572_70,35,025C,200,D,35025C0200D,"COUNTYWIDE, NOT PRINTED",2008/12/16,24000,AREA IN ZONE D,33 30 00.000,103 45 00.000,33 22 30.000,103 37 30.000,1555572_STUDY1
87240,35025C,1555572_29,35,025C,2150,D,35025C2150D,"COUNTYWIDE, NOT PRINTED",2008/12/16,24000,AREA IN ZONE D,32 07 30.000,103 07 30.000,32 00 00.000,103 00 00.000,1555572_STUDY1
87241,35025C,1555572_56,35,025C,850,D,35025C0850D,"COUNTYWIDE, NOT PRINTED",2008/12/16,24000,AREA IN ZONE D,33 07 30.000,103 07 30.000,33 00 00.000,103 00 00.000,1555572_STUDY1
87242,35025C,1555572_4,35,025C,400,D,35025C0400D,"COUNTYWIDE, NOT PRINTED",2008/12/16,24000,AREA IN ZONE D,33 22 30.000,103 37 30.000,33 15 00.000,103 30 00.000,1555572_STUDY1
